Workbook

Sheet Claim
A1: No | B1: Site ID | C1: Pre Approval Cert# | D1: Perbaikan Assets Cert# | E1: Provider | F1: Project Provider | G1: Package | H1: Scope | I1: Material | J1: Quantity | K1: Generated By | L1: Date Created | M1: Current Phase | N1: Overall Status | O1: Pre Approval Status | P1: Request Status | Q1: Perbaikan Assets Status | R1: Rejection Notes | S1: Canceled Notes
A2: 1 | B2: KLT00034 | C2: PRE-APPROVAL-KLAIM-GARANSI/PMO/X/2026/0188 | D2: - | E2: PT Alita Praya Mitra | F2: Kemitraan FH-TI-MTD | G2: Paket 6 | H2: Power | I2: BATERAI | J2: 1 | K2: Bayu Ridho Triutomo | L2: 17-10-2026 15:14 | M2: PRE_APPROVAL | N2: IN_PROGRESS | O2: KSO Pending | P2: - | Q2: - | R2: - | S2: -
A3: 2 | B3: KLT00034 | C3: PRE-APPROVAL-KLAIM-GARANSI/PMO/X/2026/0187 | D3: - | E3: PT Alita Praya Mitra | F3: Kemitraan FH-TI-MTD | G3: Paket 6 | H3: Tower | I3: YARD LAMP | J3: 1 | K3: Bayu Ridho Triutomo | L3: 17-10-2026 14:38 | M3: PRE_APPROVAL | N3: IN_PROGRESS | O3: KSO Pending | P3: - | Q3: - | R3: - | S3: -
A4: 3 | B4: KLT00062 | C4: PRE-APPROVAL-KLAIM-GARANSI/PMO/X/2026/0186 | D4: - | E4: PT Alita Praya Mitra | F4: Kemitraan FH-TI-MTD | G4: Paket 6 | H4: Tower | I4: YARD LAMP | J4: 1 | K4: Bayu Ridho Triutomo | L4: 17-10-2026 14:34 | M4: PRE_APPROVAL | N4: IN_PROGRESS | O4: KSO Pending | P4: - | Q4: - | R4: - | S4: -
A5: 4 | B5: KLT00034 | C5: PRE-APPROVAL-KLAIM-GARANSI/PMO/X/2026/0185 | D5: - | E5: PT Alita Praya Mitra | F5: Kemitraan FH-TI-MTD | G5: Paket 6 | H5: Power | I5: INVERTER 300 W | J5: 1 | K5: Bayu Ridho Triutomo | L5: 17-10-2026 14:19 | M5: PRE_APPROVAL | N5: IN_PROGRESS | O5: KSO Pending | P5: - | Q5: - | R5: - | S5: -
A6: 5 | B6: KLB00387 | C6: PRE-APPROVAL-KLAIM-GARANSI/PMO/X/2026/0184 | D6: - | E6: PT Alita Praya Mitra | F6: Kemitraan FH-TI-MTD | G6: Paket 6 | H6: Transmission | I6: MODEM | J6: 1 | K6: Bayu Ridho Triutomo | L6: 16-10-2026 16:42 | M6: PRE_APPROVAL | N6: IN_PROGRESS | O6: KSO Pending | P6: - | Q6: - | R6: - | S6: -
A7: 6 | B7: KLT0013 | C7: PRE-APPROVAL-KLAIM-GARANSI/PMO/X/2026/0183 | D7: - | E7: PT Alita Praya Mitra | F7: Kemitraan FH-TI-MTD | G7: Paket 6 | H7: Power | I7: INVERTER 300 W | J7: 1 | K7: Bayu Ridho Triutomo | L7: 16-10-2026 16:32 | M7: PRE_APPROVAL | N7: IN_PROGRESS | O7: KSO Pending | P7: - | Q7: - | R7: - | S7: -
A8: 7 | B8: KLB00599 | C8: PRE-APPROVAL-KLAIM-GARANSI/PMO/X/2026/0182 | D8: - | E8: PT Alita Praya Mitra | F8: Kemitraan FH-TI-MTD | G8: Paket 6 | H8: Tower | I8: OBL Lamp | J8: 1 | K8: Bayu Ridho Triutomo | L8: 16-10-2026 16:25 | M8: PRE_APPROVAL | N8: IN_PROGRESS | O8: KSO Pending | P8: - | Q8: - | R8: - | S8: -
A9: 8 | B9: KLB00387 | C9: PRE-APPROVAL-KLAIM-GARANSI/PMO/X/2026/0181 | D9: - | E9: PT Alita Praya Mitra | F9: Kemitraan FH-TI-MTD | G9: Paket 6 | H9: Transmission | I9: BUC | J9: 1 | K9: Bayu Ridho Triutomo | L9: 16-10-2026 14:34 | M9: PRE_APPROVAL | N9: IN_PROGRESS | O9: KSO Pending | P9: - | Q9: - | R9: - | S9: -
A10: 9 | B10: KLT00062 | C10: PRE-APPROVAL-KLAIM-GARANSI/PMO/X/2026/0179 | D10: - | E10: PT Alita Praya Mitra | F10: Kemitraan FH-TI-MTD | G10: Paket 6 | H10: Power | I10: INVERTER 300 W | J10: 1 | K10: Bayu Ridho Triutomo | L10: 16-10-2026 11:31 | M10: PRE_APPROVAL | N10: IN_PROGRESS | O10: KSO Pending | P10: - | Q10: - | R10: - | S10: -
A11: 10 | B11: KLT00050 | C11: PRE-APPROVAL-KLAIM-GARANSI/PMO/X/2026/0178 | D11: - | E11: PT Alita Praya Mitra | F11: Kemitraan FH-TI-MTD | G11: Paket 6 | H11: Power | I11: INVERTER 300 W | J11: 1 | K11: Bayu Ridho Triutomo | L11: 16-10-2026 11:23 | M11: PRE_APPROVAL | N11: IN_PROGRESS | O11: KSO Pending | P11: - | Q11: - | R11: - | S11: -
A12: 11 | B12: KLT00037 | C12: PRE-APPROVAL-KLAIM-GARANSI/PMO/X/2026/0177 | D12: - | E12: PT Alita Praya Mitra | F12: Kemitraan FH-TI-MTD | G12: Paket 6 | H12: Power | I12: INVERTER 300 W | J12: 1 | K12: Bayu Ridho Triutomo | L12: 16-10-2026 11:20 | M12: PRE_APPROVAL | N12: IN_PROGRESS | O12: KSO Pending | P12: - | Q12: - | R12: - | S12: -
A13: 12 | B13: KLT00031 | C13: PRE-APPROVAL-KLAIM-GARANSI/PMO/X/2026/0176 | D13: - | E13: PT Alita Praya Mitra | F13: Kemitraan FH-TI-MTD | G13: Paket 6 | H13: Power | I13: INVERTER 300 W | J13: 1 | K13: Bayu Ridho Triutomo | L13: 16-10-2026 11:08 | M13: PRE_APPROVAL | N13: IN_PROGRESS | O13: KSO Pending | P13: - | Q13: - | R13: - | S13: -
... A106: 105 | B106: KLI00037 | C106: PRE-APPROVAL-KLAIM-GARANSI/PMO/VI/2026/0004 | D106: - | E106: PT Alita Praya Mitra | F106: Kemitraan FH-TI-MTD | G106: Paket 6 | H106: BTS | I106: RRU | J106: 1 | K106: Bayu Ridho Triutomo | L106: 12-06-2026 14:06 | M106: REQUEST_GARANSI | N106: IN_PROGRESS | O106: Approved | P106: MSS Pending Form | Q106: - | R106: - | S106: -

Sheet Manual
A1: Pre Approval Cert# | B1: Site Id | C1: Sitename | D1: Provinsi | E1: Kota/Kab | F1: Latitude | G1: Longitude | H1: Material | I1: Quantity | J1: Current Phase | K1: Pre Approval Status | L1: Request Status | M1: Perbaikan Assets Status | N1: MSS Need Send? | O1: KSO Need Send? | P1: Date Pengiriman MSS | Q1: Status Pengiriman MSS | R1: Date Pengiriman KSO | S1: Status Pengiriman KSO / On hand MSS
A2: PRE-APPROVAL-KLAIM-GARANSI/PMO/X/2026/0188 | B2: KLT00034 | C2: =_xlfn.XLOOKUP(B2,Engpar!A:A,Engpar!C:C) -> RIAM BATANG | D2: =_xlfn.XLOOKUP(B2,Engpar!A:A,Engpar!F:F) -> KALIMANTAN TENGAH | E2: =_xlfn.XLOOKUP(B2,Engpar!A:A,Engpar!G:G) -> SERUYAN | F2: =_xlfn.XLOOKUP(B2,Engpar!A:A,Engpar!J:J) -> -0.86212 | G2: =_xlfn.XLOOKUP(B2,Engpar!A:A,Engpar!K:K) -> 112.08057 | H2: =_xlfn.XLOOKUP(A2,Claim!C:C,Claim!I:I) -> BATERAI | I2: =_xlfn.XLOOKUP(A2,Claim!C:C,Claim!J:J) -> 1 | J2: =_xlfn.XLOOKUP(A2,Claim!C:C,Claim!M:M) -> PRE_APPROVAL | K2: =_xlfn.XLOOKUP(A2,Claim!C:C,Claim!O:O) -> KSO Pending | L2: =_xlfn.XLOOKUP(A2,Claim!C:C,Claim!P:P) -> - | M2: =_xlfn.XLOOKUP(A2,Claim!C:C,Claim!Q:Q) -> - | N2: {=_xlfn.IFS( OR(L2="Cancel", L2="Canceled", L2="Reject", L2="Rejected"), "Cancel / Rejected", AND(OR(J2="Request_Garansi", J2="Perbaikan_Asset"), OR(L2="Approved", L2="PMO Pending")), "MSS Need Send", TRUE, "Waiting Approval" )} -> Waiting Approval | O2: {=_xlfn.IFS( OR(M2="Cancel", M2="Canceled", M2="Reject", M2="Rejected", K2="Cancel", K2="Canceled", K2="Reject", K2="Rejected", L2="Cancel", L2="Canceled", L2="Reject", L2="Rejected"), "Cancel / Rejected", AND(OR(J2="Perbaikan_Asset"), OR(M2="KSO Pending")), "KSO Need Send", TRUE, "Waiting Approval" )} -> Waiting Approval | Q2: {=_xlfn.IFS( OR(M2="Cancel", M2="Canceled", M2="Reject", M2="Rejected", K2="Cancel", K2="Canceled", K2="Reject", K2="Rejected", L2="Cancel", L2="Canceled", L2="Reject", L2="Rejected"), "Cancel / Rejected", P2<>"", "MSS Done Send", N2="MSS Need Send", "MSS Need Send", TRUE, "Waiting Approval" )} -> Waiting Approval | S2: {=_xlfn.IFS( OR(M2="Cancel", M2="Canceled", M2="Reject", M2="Rejected", K2="Cancel", K2="Canceled", K2="Reject", K2="Rejected", L2="Cancel", L2="Canceled", L2="Reject", L2="Rejected"), "Cancel / Rejected", R2<>"", "KSO Done Send", Q2="MSS Need Send", "MSS Need Send", O2="KSO Need Send", "KSO Need Send", TRUE, "Waiting Approval" )} -> Waiting Approval
A3: PRE-APPROVAL-KLAIM-GARANSI/PMO/X/2026/0187 | B3: KLT00034 | C3: =_xlfn.XLOOKUP(B3,Engpar!A:A,Engpar!C:C) -> RIAM BATANG | D3: =_xlfn.XLOOKUP(B3,Engpar!A:A,Engpar!F:F) -> KALIMANTAN TENGAH | E3: =_xlfn.XLOOKUP(B3,Engpar!A:A,Engpar!G:G) -> SERUYAN | F3: =_xlfn.XLOOKUP(B3,Engpar!A:A,Engpar!J:J) -> -0.86212 | G3: =_xlfn.XLOOKUP(B3,Engpar!A:A,Engpar!K:K) -> 112.08057 | H3: =_xlfn.XLOOKUP(A3,Claim!C:C,Claim!I:I) -> YARD LAMP | I3: =_xlfn.XLOOKUP(A3,Claim!C:C,Claim!J:J) -> 1 | J3: =_xlfn.XLOOKUP(A3,Claim!C:C,Claim!M:M) -> PRE_APPROVAL | K3: =_xlfn.XLOOKUP(A3,Claim!C:C,Claim!O:O) -> KSO Pending | L3: =_xlfn.XLOOKUP(A3,Claim!C:C,Claim!P:P) -> - | M3: =_xlfn.XLOOKUP(A3,Claim!C:C,Claim!Q:Q) -> - | N3: {=_xlfn.IFS( OR(L3="Cancel", L3="Canceled", L3="Reject", L3="Rejected"), "Cancel / Rejected", AND(OR(J3="Request_Garansi", J3="Perbaikan_Asset"), OR(L3="Approved", L3="PMO Pending")), "MSS Need Send", TRUE, "Waiting Approval" )} -> Waiting Approval | O3: {=_xlfn.IFS( OR(M3="Cancel", M3="Canceled", M3="Reject", M3="Rejected", K3="Cancel", K3="Canceled", K3="Reject", K3="Rejected", L3="Cancel", L3="Canceled", L3="Reject", L3="Rejected"), "Cancel / Rejected", AND(OR(J3="Perbaikan_Asset"), OR(M3="KSO Pending")), "KSO Need Send", TRUE, "Waiting Approval" )} -> Waiting Approval | Q3: {=_xlfn.IFS( OR(M3="Cancel", M3="Canceled", M3="Reject", M3="Rejected", K3="Cancel", K3="Canceled", K3="Reject", K3="Rejected", L3="Cancel", L3="Canceled", L3="Reject", L3="Rejected"), "Cancel / Rejected", P3<>"", "MSS Done Send", N3="MSS Need Send", "MSS Need Send", TRUE, "Waiting Approval" )} -> Waiting Approval | S3: {=_xlfn.IFS( OR(M3="Cancel", M3="Canceled", M3="Reject", M3="Rejected", K3="Cancel", K3="Canceled", K3="Reject", K3="Rejected", L3="Cancel", L3="Canceled", L3="Reject", L3="Rejected"), "Cancel / Rejected", R3<>"", "KSO Done Send", Q3="MSS Need Send", "MSS Need Send", O3="KSO Need Send", "KSO Need Send", TRUE, "Waiting Approval" )} -> Waiting Approval
A4: PRE-APPROVAL-KLAIM-GARANSI/PMO/X/2026/0186 | B4: KLT00062 | C4: =_xlfn.XLOOKUP(B4,Engpar!A:A,Engpar!C:C) -> RANTAU SUANG | D4: =_xlfn.XLOOKUP(B4,Engpar!A:A,Engpar!F:F) -> KALIMANTAN TENGAH | E4: =_xlfn.XLOOKUP(B4,Engpar!A:A,Engpar!G:G) -> KOTAWARINGIN TIMUR | F4: =_xlfn.XLOOKUP(B4,Engpar!A:A,Engpar!J:J) -> -1.46858 | G4: =_xlfn.XLOOKUP(B4,Engpar!A:A,Engpar!K:K) -> 112.28144 | H4: =_xlfn.XLOOKUP(A4,Claim!C:C,Claim!I:I) -> YARD LAMP | I4: =_xlfn.XLOOKUP(A4,Claim!C:C,Claim!J:J) -> 1 | J4: =_xlfn.XLOOKUP(A4,Claim!C:C,Claim!M:M) -> PRE_APPROVAL | K4: =_xlfn.XLOOKUP(A4,Claim!C:C,Claim!O:O) -> KSO Pending | L4: =_xlfn.XLOOKUP(A4,Claim!C:C,Claim!P:P) -> - | M4: =_xlfn.XLOOKUP(A4,Claim!C:C,Claim!Q:Q) -> - | N4: {=_xlfn.IFS( OR(L4="Cancel", L4="Canceled", L4="Reject", L4="Rejected"), "Cancel / Rejected", AND(OR(J4="Request_Garansi", J4="Perbaikan_Asset"), OR(L4="Approved", L4="PMO Pending")), "MSS Need Send", TRUE, "Waiting Approval" )} -> Waiting Approval | O4: {=_xlfn.IFS( OR(M4="Cancel", M4="Canceled", M4="Reject", M4="Rejected", K4="Cancel", K4="Canceled", K4="Reject", K4="Rejected", L4="Cancel", L4="Canceled", L4="Reject", L4="Rejected"), "Cancel / Rejected", AND(OR(J4="Perbaikan_Asset"), OR(M4="KSO Pending")), "KSO Need Send", TRUE, "Waiting Approval" )} -> Waiting Approval | Q4: {=_xlfn.IFS( OR(M4="Cancel", M4="Canceled", M4="Reject", M4="Rejected", K4="Cancel", K4="Canceled", K4="Reject", K4="Rejected", L4="Cancel", L4="Canceled", L4="Reject", L4="Rejected"), "Cancel / Rejected", P4<>"", "MSS Done Send", N4="MSS Need Send", "MSS Need Send", TRUE, "Waiting Approval" )} -> Waiting Approval | S4: {=_xlfn.IFS( OR(M4="Cancel", M4="Canceled", M4="Reject", M4="Rejected", K4="Cancel", K4="Canceled", K4="Reject", K4="Rejected", L4="Cancel", L4="Canceled", L4="Reject", L4="Rejected"), "Cancel / Rejected", R4<>"", "KSO Done Send", Q4="MSS Need Send", "MSS Need Send", O4="KSO Need Send", "KSO Need Send", TRUE, "Waiting Approval" )} -> Waiting Approval
A5: PRE-APPROVAL-KLAIM-GARANSI/PMO/X/2026/0185 | B5: KLT00034 | C5: =_xlfn.XLOOKUP(B5,Engpar!A:A,Engpar!C:C) -> RIAM BATANG | D5: =_xlfn.XLOOKUP(B5,Engpar!A:A,Engpar!F:F) -> KALIMANTAN TENGAH | E5: =_xlfn.XLOOKUP(B5,Engpar!A:A,Engpar!G:G) -> SERUYAN | F5: =_xlfn.XLOOKUP(B5,Engpar!A:A,Engpar!J:J) -> -0.86212 | G5: =_xlfn.XLOOKUP(B5,Engpar!A:A,Engpar!K:K) -> 112.08057 | H5: =_xlfn.XLOOKUP(A5,Claim!C:C,Claim!I:I) -> INVERTER 300 W | I5: =_xlfn.XLOOKUP(A5,Claim!C:C,Claim!J:J) -> 1 | J5: =_xlfn.XLOOKUP(A5,Claim!C:C,Claim!M:M) -> PRE_APPROVAL | K5: =_xlfn.XLOOKUP(A5,Claim!C:C,Claim!O:O) -> KSO Pending | L5: =_xlfn.XLOOKUP(A5,Claim!C:C,Claim!P:P) -> - | M5: =_xlfn.XLOOKUP(A5,Claim!C:C,Claim!Q:Q) -> - | N5: {=_xlfn.IFS( OR(L5="Cancel", L5="Canceled", L5="Reject", L5="Rejected"), "Cancel / Rejected", AND(OR(J5="Request_Garansi", J5="Perbaikan_Asset"), OR(L5="Approved", L5="PMO Pending")), "MSS Need Send", TRUE, "Waiting Approval" )} -> Waiting Approval | O5: {=_xlfn.IFS( OR(M5="Cancel", M5="Canceled", M5="Reject", M5="Rejected", K5="Cancel", K5="Canceled", K5="Reject", K5="Rejected", L5="Cancel", L5="Canceled", L5="Reject", L5="Rejected"), "Cancel / Rejected", AND(OR(J5="Perbaikan_Asset"), OR(M5="KSO Pending")), "KSO Need Send", TRUE, "Waiting Approval" )} -> Waiting Approval | Q5: {=_xlfn.IFS( OR(M5="Cancel", M5="Canceled", M5="Reject", M5="Rejected", K5="Cancel", K5="Canceled", K5="Reject", K5="Rejected", L5="Cancel", L5="Canceled", L5="Reject", L5="Rejected"), "Cancel / Rejected", P5<>"", "MSS Done Send", N5="MSS Need Send", "MSS Need Send", TRUE, "Waiting Approval" )} -> Waiting Approval | S5: {=_xlfn.IFS( OR(M5="Cancel", M5="Canceled", M5="Reject", M5="Rejected", K5="Cancel", K5="Canceled", K5="Reject", K5="Rejected", L5="Cancel", L5="Canceled", L5="Reject", L5="Rejected"), "Cancel / Rejected", R5<>"", "KSO Done Send", Q5="MSS Need Send", "MSS Need Send", O5="KSO Need Send", "KSO Need Send", TRUE, "Waiting Approval" )} -> Waiting Approval
A6: PRE-APPROVAL-KLAIM-GARANSI/PMO/X/2026/0184 | B6: KLB00387 | C6: =_xlfn.XLOOKUP(B6,Engpar!A:A,Engpar!C:C) -> LAUT TAWANG | D6: =_xlfn.XLOOKUP(B6,Engpar!A:A,Engpar!F:F) -> KALIMANTAN BARAT | E6: =_xlfn.XLOOKUP(B6,Engpar!A:A,Engpar!G:G) -> KAPUAS HULU | F6: =_xlfn.XLOOKUP(B6,Engpar!A:A,Engpar!J:J) -> 0.74492 | G6: =_xlfn.XLOOKUP(B6,Engpar!A:A,Engpar!K:K) -> 111.96001 | H6: =_xlfn.XLOOKUP(A6,Claim!C:C,Claim!I:I) -> MODEM | I6: =_xlfn.XLOOKUP(A6,Claim!C:C,Claim!J:J) -> 1 | J6: =_xlfn.XLOOKUP(A6,Claim!C:C,Claim!M:M) -> PRE_APPROVAL | K6: =_xlfn.XLOOKUP(A6,Claim!C:C,Claim!O:O) -> KSO Pending | L6: =_xlfn.XLOOKUP(A6,Claim!C:C,Claim!P:P) -> - | M6: =_xlfn.XLOOKUP(A6,Claim!C:C,Claim!Q:Q) -> - | N6: {=_xlfn.IFS( OR(L6="Cancel", L6="Canceled", L6="Reject", L6="Rejected"), "Cancel / Rejected", AND(OR(J6="Request_Garansi", J6="Perbaikan_Asset"), OR(L6="Approved", L6="PMO Pending")), "MSS Need Send", TRUE, "Waiting Approval" )} -> Waiting Approval | O6: {=_xlfn.IFS( OR(M6="Cancel", M6="Canceled", M6="Reject", M6="Rejected", K6="Cancel", K6="Canceled", K6="Reject", K6="Rejected", L6="Cancel", L6="Canceled", L6="Reject", L6="Rejected"), "Cancel / Rejected", AND(OR(J6="Perbaikan_Asset"), OR(M6="KSO Pending")), "KSO Need Send", TRUE, "Waiting Approval" )} -> Waiting Approval | Q6: {=_xlfn.IFS( OR(M6="Cancel", M6="Canceled", M6="Reject", M6="Rejected", K6="Cancel", K6="Canceled", K6="Reject", K6="Rejected", L6="Cancel", L6="Canceled", L6="Reject", L6="Rejected"), "Cancel / Rejected", P6<>"", "MSS Done Send", N6="MSS Need Send", "MSS Need Send", TRUE, "Waiting Approval" )} -> Waiting Approval | S6: {=_xlfn.IFS( OR(M6="Cancel", M6="Canceled", M6="Reject", M6="Rejected", K6="Cancel", K6="Canceled", K6="Reject", K6="Rejected", L6="Cancel", L6="Canceled", L6="Reject", L6="Rejected"), "Cancel / Rejected", R6<>"", "KSO Done Send", Q6="MSS Need Send", "MSS Need Send", O6="KSO Need Send", "KSO Need Send", TRUE, "Waiting Approval" )} -> Waiting Approval
A7: PRE-APPROVAL-KLAIM-GARANSI/PMO/X/2026/0183 | B7: KLT0013 | C7: =_xlfn.XLOOKUP(B7,Engpar!A:A,Engpar!C:C) -> TUMBANG SEPAN | D7: =_xlfn.XLOOKUP(B7,Engpar!A:A,Engpar!F:F) -> KALIMANTAN TENGAH | E7: =_xlfn.XLOOKUP(B7,Engpar!A:A,Engpar!G:G) -> SERUYAN | F7: =_xlfn.XLOOKUP(B7,Engpar!A:A,Engpar!J:J) -> -0.90825 | G7: =_xlfn.XLOOKUP(B7,Engpar!A:A,Engpar!K:K) -> 112.06332 | H7: =_xlfn.XLOOKUP(A7,Claim!C:C,Claim!I:I) -> INVERTER 300 W | I7: =_xlfn.XLOOKUP(A7,Claim!C:C,Claim!J:J) -> 1 | J7: =_xlfn.XLOOKUP(A7,Claim!C:C,Claim!M:M) -> PRE_APPROVAL | K7: =_xlfn.XLOOKUP(A7,Claim!C:C,Claim!O:O) -> KSO Pending | L7: =_xlfn.XLOOKUP(A7,Claim!C:C,Claim!P:P) -> - | M7: =_xlfn.XLOOKUP(A7,Claim!C:C,Claim!Q:Q) -> - | N7: {=_xlfn.IFS( OR(L7="Cancel", L7="Canceled", L7="Reject", L7="Rejected"), "Cancel / Rejected", AND(OR(J7="Request_Garansi", J7="Perbaikan_Asset"), OR(L7="Approved", L7="PMO Pending")), "MSS Need Send", TRUE, "Waiting Approval" )} -> Waiting Approval | O7: {=_xlfn.IFS( OR(M7="Cancel", M7="Canceled", M7="Reject", M7="Rejected", K7="Cancel", K7="Canceled", K7="Reject", K7="Rejected", L7="Cancel", L7="Canceled", L7="Reject", L7="Rejected"), "Cancel / Rejected", AND(OR(J7="Perbaikan_Asset"), OR(M7="KSO Pending")), "KSO Need Send", TRUE, "Waiting Approval" )} -> Waiting Approval | Q7: {=_xlfn.IFS( OR(M7="Cancel", M7="Canceled", M7="Reject", M7="Rejected", K7="Cancel", K7="Canceled", K7="Reject", K7="Rejected", L7="Cancel", L7="Canceled", L7="Reject", L7="Rejected"), "Cancel / Rejected", P7<>"", "MSS Done Send", N7="MSS Need Send", "MSS Need Send", TRUE, "Waiting Approval" )} -> Waiting Approval | S7: {=_xlfn.IFS( OR(M7="Cancel", M7="Canceled", M7="Reject", M7="Rejected", K7="Cancel", K7="Canceled", K7="Reject", K7="Rejected", L7="Cancel", L7="Canceled", L7="Reject", L7="Rejected"), "Cancel / Rejected", R7<>"", "KSO Done Send", Q7="MSS Need Send", "MSS Need Send", O7="KSO Need Send", "KSO Need Send", TRUE, "Waiting Approval" )} -> Waiting Approval
A8: PRE-APPROVAL-KLAIM-GARANSI/PMO/X/2026/0182 | B8: KLB00599 | C8: =_xlfn.XLOOKUP(B8,Engpar!A:A,Engpar!C:C) -> SAHAM | D8: =_xlfn.XLOOKUP(B8,Engpar!A:A,Engpar!F:F) -> KALIMANTAN BARAT | E8: =_xlfn.XLOOKUP(B8,Engpar!A:A,Engpar!G:G) -> LANDAK | F8: =_xlfn.XLOOKUP(B8,Engpar!A:A,Engpar!J:J) -> 0.24271 | G8: =_xlfn.XLOOKUP(B8,Engpar!A:A,Engpar!K:K) -> 109.68005 | H8: =_xlfn.XLOOKUP(A8,Claim!C:C,Claim!I:I) -> OBL Lamp | I8: =_xlfn.XLOOKUP(A8,Claim!C:C,Claim!J:J) -> 1 | J8: =_xlfn.XLOOKUP(A8,Claim!C:C,Claim!M:M) -> PRE_APPROVAL | K8: =_xlfn.XLOOKUP(A8,Claim!C:C,Claim!O:O) -> KSO Pending | L8: =_xlfn.XLOOKUP(A8,Claim!C:C,Claim!P:P) -> - | M8: =_xlfn.XLOOKUP(A8,Claim!C:C,Claim!Q:Q) -> - | N8: {=_xlfn.IFS( OR(L8="Cancel", L8="Canceled", L8="Reject", L8="Rejected"), "Cancel / Rejected", AND(OR(J8="Request_Garansi", J8="Perbaikan_Asset"), OR(L8="Approved", L8="PMO Pending")), "MSS Need Send", TRUE, "Waiting Approval" )} -> Waiting Approval | O8: {=_xlfn.IFS( OR(M8="Cancel", M8="Canceled", M8="Reject", M8="Rejected", K8="Cancel", K8="Canceled", K8="Reject", K8="Rejected", L8="Cancel", L8="Canceled", L8="Reject", L8="Rejected"), "Cancel / Rejected", AND(OR(J8="Perbaikan_Asset"), OR(M8="KSO Pending")), "KSO Need Send", TRUE, "Waiting Approval" )} -> Waiting Approval | Q8: {=_xlfn.IFS( OR(M8="Cancel", M8="Canceled", M8="Reject", M8="Rejected", K8="Cancel", K8="Canceled", K8="Reject", K8="Rejected", L8="Cancel", L8="Canceled", L8="Reject", L8="Rejected"), "Cancel / Rejected", P8<>"", "MSS Done Send", N8="MSS Need Send", "MSS Need Send", TRUE, "Waiting Approval" )} -> Waiting Approval | S8: {=_xlfn.IFS( OR(M8="Cancel", M8="Canceled", M8="Reject", M8="Rejected", K8="Cancel", K8="Canceled", K8="Reject", K8="Rejected", L8="Cancel", L8="Canceled", L8="Reject", L8="Rejected"), "Cancel / Rejected", R8<>"", "KSO Done Send", Q8="MSS Need Send", "MSS Need Send", O8="KSO Need Send", "KSO Need Send", TRUE, "Waiting Approval" )} -> Waiting Approval
A9: PRE-APPROVAL-KLAIM-GARANSI/PMO/X/2026/0181 | B9: KLB00387 | C9: =_xlfn.XLOOKUP(B9,Engpar!A:A,Engpar!C:C) -> LAUT TAWANG | D9: =_xlfn.XLOOKUP(B9,Engpar!A:A,Engpar!F:F) -> KALIMANTAN BARAT | E9: =_xlfn.XLOOKUP(B9,Engpar!A:A,Engpar!G:G) -> KAPUAS HULU | F9: =_xlfn.XLOOKUP(B9,Engpar!A:A,Engpar!J:J) -> 0.74492 | G9: =_xlfn.XLOOKUP(B9,Engpar!A:A,Engpar!K:K) -> 111.96001 | H9: =_xlfn.XLOOKUP(A9,Claim!C:C,Claim!I:I) -> BUC | I9: =_xlfn.XLOOKUP(A9,Claim!C:C,Claim!J:J) -> 1 | J9: =_xlfn.XLOOKUP(A9,Claim!C:C,Claim!M:M) -> PRE_APPROVAL | K9: =_xlfn.XLOOKUP(A9,Claim!C:C,Claim!O:O) -> KSO Pending | L9: =_xlfn.XLOOKUP(A9,Claim!C:C,Claim!P:P) -> - | M9: =_xlfn.XLOOKUP(A9,Claim!C:C,Claim!Q:Q) -> - | N9: {=_xlfn.IFS( OR(L9="Cancel", L9="Canceled", L9="Reject", L9="Rejected"), "Cancel / Rejected", AND(OR(J9="Request_Garansi", J9="Perbaikan_Asset"), OR(L9="Approved", L9="PMO Pending")), "MSS Need Send", TRUE, "Waiting Approval" )} -> Waiting Approval | O9: {=_xlfn.IFS( OR(M9="Cancel", M9="Canceled", M9="Reject", M9="Rejected", K9="Cancel", K9="Canceled", K9="Reject", K9="Rejected", L9="Cancel", L9="Canceled", L9="Reject", L9="Rejected"), "Cancel / Rejected", AND(OR(J9="Perbaikan_Asset"), OR(M9="KSO Pending")), "KSO Need Send", TRUE, "Waiting Approval" )} -> Waiting Approval | Q9: {=_xlfn.IFS( OR(M9="Cancel", M9="Canceled", M9="Reject", M9="Rejected", K9="Cancel", K9="Canceled", K9="Reject", K9="Rejected", L9="Cancel", L9="Canceled", L9="Reject", L9="Rejected"), "Cancel / Rejected", P9<>"", "MSS Done Send", N9="MSS Need Send", "MSS Need Send", TRUE, "Waiting Approval" )} -> Waiting Approval | S9: {=_xlfn.IFS( OR(M9="Cancel", M9="Canceled", M9="Reject", M9="Rejected", K9="Cancel", K9="Canceled", K9="Reject", K9="Rejected", L9="Cancel", L9="Canceled", L9="Reject", L9="Rejected"), "Cancel / Rejected", R9<>"", "KSO Done Send", Q9="MSS Need Send", "MSS Need Send", O9="KSO Need Send", "KSO Need Send", TRUE, "Waiting Approval" )} -> Waiting Approval
A10: PRE-APPROVAL-KLAIM-GARANSI/PMO/X/2026/0179 | B10: KLT00062 | C10: =_xlfn.XLOOKUP(B10,Engpar!A:A,Engpar!C:C) -> RANTAU SUANG | D10: =_xlfn.XLOOKUP(B10,Engpar!A:A,Engpar!F:F) -> KALIMANTAN TENGAH | E10: =_xlfn.XLOOKUP(B10,Engpar!A:A,Engpar!G:G) -> KOTAWARINGIN TIMUR | F10: =_xlfn.XLOOKUP(B10,Engpar!A:A,Engpar!J:J) -> -1.46858 | G10: =_xlfn.XLOOKUP(B10,Engpar!A:A,Engpar!K:K) -> 112.28144 | H10: =_xlfn.XLOOKUP(A10,Claim!C:C,Claim!I:I) -> INVERTER 300 W | I10: =_xlfn.XLOOKUP(A10,Claim!C:C,Claim!J:J) -> 1 | J10: =_xlfn.XLOOKUP(A10,Claim!C:C,Claim!M:M) -> PRE_APPROVAL | K10: =_xlfn.XLOOKUP(A10,Claim!C:C,Claim!O:O) -> KSO Pending | L10: =_xlfn.XLOOKUP(A10,Claim!C:C,Claim!P:P) -> - | M10: =_xlfn.XLOOKUP(A10,Claim!C:C,Claim!Q:Q) -> - | N10: {=_xlfn.IFS( OR(L10="Cancel", L10="Canceled", L10="Reject", L10="Rejected"), "Cancel / Rejected", AND(OR(J10="Request_Garansi", J10="Perbaikan_Asset"), OR(L10="Approved", L10="PMO Pending")), "MSS Need Send", TRUE, "Waiting Approval" )} -> Waiting Approval | O10: {=_xlfn.IFS( OR(M10="Cancel", M10="Canceled", M10="Reject", M10="Rejected", K10="Cancel", K10="Canceled", K10="Reject", K10="Rejected", L10="Cancel", L10="Canceled", L10="Reject", L10="Rejected"), "Cancel / Rejected", AND(OR(J10="Perbaikan_Asset"), OR(M10="KSO Pending")), "KSO Need Send", TRUE, "Waiting Approval" )} -> Waiting Approval | Q10: {=_xlfn.IFS( OR(M10="Cancel", M10="Canceled", M10="Reject", M10="Rejected", K10="Cancel", K10="Canceled", K10="Reject", K10="Rejected", L10="Cancel", L10="Canceled", L10="Reject", L10="Rejected"), "Cancel / Rejected", P10<>"", "MSS Done Send", N10="MSS Need Send", "MSS Need Send", TRUE, "Waiting Approval" )} -> Waiting Approval | S10: {=_xlfn.IFS( OR(M10="Cancel", M10="Canceled", M10="Reject", M10="Rejected", K10="Cancel", K10="Canceled", K10="Reject", K10="Rejected", L10="Cancel", L10="Canceled", L10="Reject", L10="Rejected"), "Cancel / Rejected", R10<>"", "KSO Done Send", Q10="MSS Need Send", "MSS Need Send", O10="KSO Need Send", "KSO Need Send", TRUE, "Waiting Approval" )} -> Waiting Approval
A11: PRE-APPROVAL-KLAIM-GARANSI/PMO/X/2026/0178 | B11: KLT00050 | C11: =_xlfn.XLOOKUP(B11,Engpar!A:A,Engpar!C:C) -> BATU BADAK | D11: =_xlfn.XLOOKUP(B11,Engpar!A:A,Engpar!F:F) -> KALIMANTAN TENGAH | E11: =_xlfn.XLOOKUP(B11,Engpar!A:A,Engpar!G:G) -> KATINGAN | F11: =_xlfn.XLOOKUP(B11,Engpar!A:A,Engpar!J:J) -> -0.99502 | G11: =_xlfn.XLOOKUP(B11,Engpar!A:A,Engpar!K:K) -> 112.92697 | H11: =_xlfn.XLOOKUP(A11,Claim!C:C,Claim!I:I) -> INVERTER 300 W | I11: =_xlfn.XLOOKUP(A11,Claim!C:C,Claim!J:J) -> 1 | J11: =_xlfn.XLOOKUP(A11,Claim!C:C,Claim!M:M) -> PRE_APPROVAL | K11: =_xlfn.XLOOKUP(A11,Claim!C:C,Claim!O:O) -> KSO Pending | L11: =_xlfn.XLOOKUP(A11,Claim!C:C,Claim!P:P) -> - | M11: =_xlfn.XLOOKUP(A11,Claim!C:C,Claim!Q:Q) -> - | N11: {=_xlfn.IFS( OR(L11="Cancel", L11="Canceled", L11="Reject", L11="Rejected"), "Cancel / Rejected", AND(OR(J11="Request_Garansi", J11="Perbaikan_Asset"), OR(L11="Approved", L11="PMO Pending")), "MSS Need Send", TRUE, "Waiting Approval" )} -> Waiting Approval | O11: {=_xlfn.IFS( OR(M11="Cancel", M11="Canceled", M11="Reject", M11="Rejected", K11="Cancel", K11="Canceled", K11="Reject", K11="Rejected", L11="Cancel", L11="Canceled", L11="Reject", L11="Rejected"), "Cancel / Rejected", AND(OR(J11="Perbaikan_Asset"), OR(M11="KSO Pending")), "KSO Need Send", TRUE, "Waiting Approval" )} -> Waiting Approval | Q11: {=_xlfn.IFS( OR(M11="Cancel", M11="Canceled", M11="Reject", M11="Rejected", K11="Cancel", K11="Canceled", K11="Reject", K11="Rejected", L11="Cancel", L11="Canceled", L11="Reject", L11="Rejected"), "Cancel / Rejected", P11<>"", "MSS Done Send", N11="MSS Need Send", "MSS Need Send", TRUE, "Waiting Approval" )} -> Waiting Approval | S11: {=_xlfn.IFS( OR(M11="Cancel", M11="Canceled", M11="Reject", M11="Rejected", K11="Cancel", K11="Canceled", K11="Reject", K11="Rejected", L11="Cancel", L11="Canceled", L11="Reject", L11="Rejected"), "Cancel / Rejected", R11<>"", "KSO Done Send", Q11="MSS Need Send", "MSS Need Send", O11="KSO Need Send", "KSO Need Send", TRUE, "Waiting Approval" )} -> Waiting Approval
A12: PRE-APPROVAL-KLAIM-GARANSI/PMO/X/2026/0177 | B12: KLT00037 | C12: =_xlfn.XLOOKUP(B12,Engpar!A:A,Engpar!C:C) -> TUMBANG TANGOI | D12: =_xlfn.XLOOKUP(B12,Engpar!A:A,Engpar!F:F) -> KALIMANTAN TENGAH | E12: =_xlfn.XLOOKUP(B12,Engpar!A:A,Engpar!G:G) -> KATINGAN | F12: =_xlfn.XLOOKUP(B12,Engpar!A:A,Engpar!J:J) -> -0.94374 | G12: =_xlfn.XLOOKUP(B12,Engpar!A:A,Engpar!K:K) -> 113.09321 | H12: =_xlfn.XLOOKUP(A12,Claim!C:C,Claim!I:I) -> INVERTER 300 W | I12: =_xlfn.XLOOKUP(A12,Claim!C:C,Claim!J:J) -> 1 | J12: =_xlfn.XLOOKUP(A12,Claim!C:C,Claim!M:M) -> PRE_APPROVAL | K12: =_xlfn.XLOOKUP(A12,Claim!C:C,Claim!O:O) -> KSO Pending | L12: =_xlfn.XLOOKUP(A12,Claim!C:C,Claim!P:P) -> - | M12: =_xlfn.XLOOKUP(A12,Claim!C:C,Claim!Q:Q) -> - | N12: {=_xlfn.IFS( OR(L12="Cancel", L12="Canceled", L12="Reject", L12="Rejected"), "Cancel / Rejected", AND(OR(J12="Request_Garansi", J12="Perbaikan_Asset"), OR(L12="Approved", L12="PMO Pending")), "MSS Need Send", TRUE, "Waiting Approval" )} -> Waiting Approval | O12: {=_xlfn.IFS( OR(M12="Cancel", M12="Canceled", M12="Reject", M12="Rejected", K12="Cancel", K12="Canceled", K12="Reject", K12="Rejected", L12="Cancel", L12="Canceled", L12="Reject", L12="Rejected"), "Cancel / Rejected", AND(OR(J12="Perbaikan_Asset"), OR(M12="KSO Pending")), "KSO Need Send", TRUE, "Waiting Approval" )} -> Waiting Approval | Q12: {=_xlfn.IFS( OR(M12="Cancel", M12="Canceled", M12="Reject", M12="Rejected", K12="Cancel", K12="Canceled", K12="Reject", K12="Rejected", L12="Cancel", L12="Canceled", L12="Reject", L12="Rejected"), "Cancel / Rejected", P12<>"", "MSS Done Send", N12="MSS Need Send", "MSS Need Send", TRUE, "Waiting Approval" )} -> Waiting Approval | S12: {=_xlfn.IFS( OR(M12="Cancel", M12="Canceled", M12="Reject", M12="Rejected", K12="Cancel", K12="Canceled", K12="Reject", K12="Rejected", L12="Cancel", L12="Canceled", L12="Reject", L12="Rejected"), "Cancel / Rejected", R12<>"", "KSO Done Send", Q12="MSS Need Send", "MSS Need Send", O12="KSO Need Send", "KSO Need Send", TRUE, "Waiting Approval" )} -> Waiting Approval
A13: PRE-APPROVAL-KLAIM-GARANSI/PMO/X/2026/0176 | B13: KLT00031 | C13: =_xlfn.XLOOKUP(B13,Engpar!A:A,Engpar!C:C) -> TUMBANG SALAU | D13: =_xlfn.XLOOKUP(B13,Engpar!A:A,Engpar!F:F) -> KALIMANTAN TENGAH | E13: =_xlfn.XLOOKUP(B13,Engpar!A:A,Engpar!G:G) -> SERUYAN | F13: =_xlfn.XLOOKUP(B13,Engpar!A:A,Engpar!J:J) -> -1.29765 | G13: =_xlfn.XLOOKUP(B13,Engpar!A:A,Engpar!K:K) -> 111.81195 | H13: =_xlfn.XLOOKUP(A13,Claim!C:C,Claim!I:I) -> INVERTER 300 W | I13: =_xlfn.XLOOKUP(A13,Claim!C:C,Claim!J:J) -> 1 | J13: =_xlfn.XLOOKUP(A13,Claim!C:C,Claim!M:M) -> PRE_APPROVAL | K13: =_xlfn.XLOOKUP(A13,Claim!C:C,Claim!O:O) -> KSO Pending | L13: =_xlfn.XLOOKUP(A13,Claim!C:C,Claim!P:P) -> - | M13: =_xlfn.XLOOKUP(A13,Claim!C:C,Claim!Q:Q) -> - | N13: {=_xlfn.IFS( OR(L13="Cancel", L13="Canceled", L13="Reject", L13="Rejected"), "Cancel / Rejected", AND(OR(J13="Request_Garansi", J13="Perbaikan_Asset"), OR(L13="Approved", L13="PMO Pending")), "MSS Need Send", TRUE, "Waiting Approval" )} -> Waiting Approval | O13: {=_xlfn.IFS( OR(M13="Cancel", M13="Canceled", M13="Reject", M13="Rejected", K13="Cancel", K13="Canceled", K13="Reject", K13="Rejected", L13="Cancel", L13="Canceled", L13="Reject", L13="Rejected"), "Cancel / Rejected", AND(OR(J13="Perbaikan_Asset"), OR(M13="KSO Pending")), "KSO Need Send", TRUE, "Waiting Approval" )} -> Waiting Approval | Q13: {=_xlfn.IFS( OR(M13="Cancel", M13="Canceled", M13="Reject", M13="Rejected", K13="Cancel", K13="Canceled", K13="Reject", K13="Rejected", L13="Cancel", L13="Canceled", L13="Reject", L13="Rejected"), "Cancel / Rejected", P13<>"", "MSS Done Send", N13="MSS Need Send", "MSS Need Send", TRUE, "Waiting Approval" )} -> Waiting Approval | S13: {=_xlfn.IFS( OR(M13="Cancel", M13="Canceled", M13="Reject", M13="Rejected", K13="Cancel", K13="Canceled", K13="Reject", K13="Rejected", L13="Cancel", L13="Canceled", L13="Reject", L13="Rejected"), "Cancel / Rejected", R13<>"", "KSO Done Send", Q13="MSS Need Send", "MSS Need Send", O13="KSO Need Send", "KSO Need Send", TRUE, "Waiting Approval" )} -> Waiting Approval
... A37: PRE-APPROVAL-KLAIM-GARANSI/PMO/X/2026/0043 | B37: KLT00030 | C37: =_xlfn.XLOOKUP(B37,Engpar!A:A,Engpar!C:C) -> DERAWA | D37: =_xlfn.XLOOKUP(B37,Engpar!A:A,Engpar!F:F) -> KALIMANTAN TENGAH | E37: =_xlfn.XLOOKUP(B37,Engpar!A:A,Engpar!G:G) -> SERUYAN | F37: =_xlfn.XLOOKUP(B37,Engpar!A:A,Engpar!J:J) -> -2.14777 | G37: =_xlfn.XLOOKUP(B37,Engpar!A:A,Engpar!K:K) -> 112.16604 | H37: =_xlfn.XLOOKUP(A37,Claim!C:C,Claim!I:I) -> INVERTER 300 W | I37: =_xlfn.XLOOKUP(A37,Claim!C:C,Claim!J:J) -> 1 | J37: =_xlfn.XLOOKUP(A37,Claim!C:C,Claim!M:M) -> REQUEST_GARANSI | K37: =_xlfn.XLOOKUP(A37,Claim!C:C,Claim!O:O) -> Approved | L37: =_xlfn.XLOOKUP(A37,Claim!C:C,Claim!P:P) -> MSS Pending Form | M37: =_xlfn.XLOOKUP(A37,Claim!C:C,Claim!Q:Q) -> - | N37: {=_xlfn.IFS( OR(L37="Cancel", L37="Canceled", L37="Reject", L37="Rejected"), "Cancel / Rejected", AND(OR(J37="Request_Garansi", J37="Perbaikan_Asset"), OR(L37="Approved", L37="PMO Pending")), "MSS Need Send", TRUE, "Waiting Approval" )} -> Waiting Approval | O37: {=_xlfn.IFS( OR(M37="Cancel", M37="Canceled", M37="Reject", M37="Rejected", K37="Cancel", K37="Canceled", K37="Reject", K37="Rejected", L37="Cancel", L37="Canceled", L37="Reject", L37="Rejected"), "Cancel / Rejected", AND(OR(J37="Perbaikan_Asset"), OR(M37="KSO Pending")), "KSO Need Send", TRUE, "Waiting Approval" )} -> Waiting Approval | Q37: {=_xlfn.IFS( OR(M37="Cancel", M37="Canceled", M37="Reject", M37="Rejected", K37="Cancel", K37="Canceled", K37="Reject", K37="Rejected", L37="Cancel", L37="Canceled", L37="Reject", L37="Rejected"), "Cancel / Rejected", P37<>"", "MSS Done Send", N37="MSS Need Send", "MSS Need Send", TRUE, "Waiting Approval" )} -> Waiting Approval | S37: {=_xlfn.IFS( OR(M37="Cancel", M37="Canceled", M37="Reject", M37="Rejected", K37="Cancel", K37="Canceled", K37="Reject", K37="Rejected", L37="Cancel", L37="Canceled", L37="Reject", L37="Rejected"), "Cancel / Rejected", R37<>"", "KSO Done Send", Q37="MSS Need Send", "MSS Need Send", O37="KSO Need Send", "KSO Need Send", TRUE, "Waiting Approval" )} -> Waiting Approval
A38: PRE-APPROVAL-KLAIM-GARANSI/PMO/X/2026/0042 | B38: KLT00059 | C38: =_xlfn.XLOOKUP(B38,Engpar!A:A,Engpar!C:C) -> TUMBANG TAWAN | D38: =_xlfn.XLOOKUP(B38,Engpar!A:A,Engpar!F:F) -> KALIMANTAN TENGAH | E38: =_xlfn.XLOOKUP(B38,Engpar!A:A,Engpar!G:G) -> KOTAWARINGIN TIMUR | F38: =_xlfn.XLOOKUP(B38,Engpar!A:A,Engpar!J:J) -> -1.63002 | G38: =_xlfn.XLOOKUP(B38,Engpar!A:A,Engpar!K:K) -> 112.2789 | H38: =_xlfn.XLOOKUP(A38,Claim!C:C,Claim!I:I) -> SOLAR CHARGE CONTROLLER | I38: =_xlfn.XLOOKUP(A38,Claim!C:C,Claim!J:J) -> 1 | J38: =_xlfn.XLOOKUP(A38,Claim!C:C,Claim!M:M) -> PRE_APPROVAL | K38: =_xlfn.XLOOKUP(A38,Claim!C:C,Claim!O:O) -> KSO Pending | L38: =_xlfn.XLOOKUP(A38,Claim!C:C,Claim!P:P) -> - | M38: =_xlfn.XLOOKUP(A38,Claim!C:C,Claim!Q:Q) -> - | N38: {=_xlfn.IFS( OR(L38="Cancel", L38="Canceled", L38="Reject", L38="Rejected"), "Cancel / Rejected", AND(OR(J38="Request_Garansi", J38="Perbaikan_Asset"), OR(L38="Approved", L38="PMO Pending")), "MSS Need Send", TRUE, "Waiting Approval" )} -> Waiting Approval | O38: {=_xlfn.IFS( OR(M38="Cancel", M38="Canceled", M38="Reject", M38="Rejected", K38="Cancel", K38="Canceled", K38="Reject", K38="Rejected", L38="Cancel", L38="Canceled", L38="Reject", L38="Rejected"), "Cancel / Rejected", AND(OR(J38="Perbaikan_Asset"), OR(M38="KSO Pending")), "KSO Need Send", TRUE, "Waiting Approval" )} -> Waiting Approval | P38: 21/08/2026 | Q38: {=_xlfn.IFS( OR(M38="Cancel", M38="Canceled", M38="Reject", M38="Rejected", K38="Cancel", K38="Canceled", K38="Reject", K38="Rejected", L38="Cancel", L38="Canceled", L38="Reject", L38="Rejected"), "Cancel / Rejected", P38<>"", "MSS Done Send", N38="MSS Need Send", "MSS Need Send", TRUE, "Waiting Approval" )} -> MSS Done Send | S38: {=_xlfn.IFS( OR(M38="Cancel", M38="Canceled", M38="Reject", M38="Rejected", K38="Cancel", K38="Canceled", K38="Reject", K38="Rejected", L38="Cancel", L38="Canceled", L38="Reject", L38="Rejected"), "Cancel / Rejected", R38<>"", "KSO Done Send", Q38="MSS Need Send", "MSS Need Send", O38="KSO Need Send", "KSO Need Send", TRUE, "Waiting Approval" )} -> Waiting Approval
A39: PRE-APPROVAL-KLAIM-GARANSI/PMO/X/2026/0041 | B39: KLI00039 | C39: =_xlfn.XLOOKUP(B39,Engpar!A:A,Engpar!C:C) -> TELUK SUMBANG | D39: =_xlfn.XLOOKUP(B39,Engpar!A:A,Engpar!F:F) -> KALIMANTAN TIMUR | E39: =_xlfn.XLOOKUP(B39,Engpar!A:A,Engpar!G:G) -> BERAU | F39: =_xlfn.XLOOKUP(B39,Engpar!A:A,Engpar!J:J) -> 1.05237 | G39: =_xlfn.XLOOKUP(B39,Engpar!A:A,Engpar!K:K) -> 118.83427 | H39: =_xlfn.XLOOKUP(A39,Claim!C:C,Claim!I:I) -> INVERTER 300 W | I39: =_xlfn.XLOOKUP(A39,Claim!C:C,Claim!J:J) -> 1 | J39: =_xlfn.XLOOKUP(A39,Claim!C:C,Claim!M:M) -> PRE_APPROVAL | K39: =_xlfn.XLOOKUP(A39,Claim!C:C,Claim!O:O) -> KSO Pending | L39: =_xlfn.XLOOKUP(A39,Claim!C:C,Claim!P:P) -> - | M39: =_xlfn.XLOOKUP(A39,Claim!C:C,Claim!Q:Q) -> - | N39: {=_xlfn.IFS( OR(L39="Cancel", L39="Canceled", L39="Reject", L39="Rejected"), "Cancel / Rejected", AND(OR(J39="Request_Garansi", J39="Perbaikan_Asset"), OR(L39="Approved", L39="PMO Pending")), "MSS Need Send", TRUE, "Waiting Approval" )} -> Waiting Approval | O39: {=_xlfn.IFS( OR(M39="Cancel", M39="Canceled", M39="Reject", M39="Rejected", K39="Cancel", K39="Canceled", K39="Reject", K39="Rejected", L39="Cancel", L39="Canceled", L39="Reject", L39="Rejected"), "Cancel / Rejected", AND(OR(J39="Perbaikan_Asset"), OR(M39="KSO Pending")), "KSO Need Send", TRUE, "Waiting Approval" )} -> Waiting Approval | P39: 25/09/2026 | Q39: {=_xlfn.IFS( OR(M39="Cancel", M39="Canceled", M39="Reject", M39="Rejected", K39="Cancel", K39="Canceled", K39="Reject", K39="Rejected", L39="Cancel", L39="Canceled", L39="Reject", L39="Rejected"), "Cancel / Rejected", P39<>"", "MSS Done Send", N39="MSS Need Send", "MSS Need Send", TRUE, "Waiting Approval" )} -> MSS Done Send | S39: {=_xlfn.IFS( OR(M39="Cancel", M39="Canceled", M39="Reject", M39="Rejected", K39="Cancel", K39="Canceled", K39="Reject", K39="Rejected", L39="Cancel", L39="Canceled", L39="Reject", L39="Rejected"), "Cancel / Rejected", R39<>"", "KSO Done Send", Q39="MSS Need Send", "MSS Need Send", O39="KSO Need Send", "KSO Need Send", TRUE, "Waiting Approval" )} -> Waiting Approval
A40: PRE-APPROVAL-KLAIM-GARANSI/PMO/X/2026/0040 | B40: KLT005 | C40: =_xlfn.XLOOKUP(B40,Engpar!A:A,Engpar!C:C) -> TUMBANG BAI | D40: =_xlfn.XLOOKUP(B40,Engpar!A:A,Engpar!F:F) -> KALIMANTAN TENGAH | E40: =_xlfn.XLOOKUP(B40,Engpar!A:A,Engpar!G:G) -> SERUYAN | F40: =_xlfn.XLOOKUP(B40,Engpar!A:A,Engpar!J:J) -> -1.95525 | G40: =_xlfn.XLOOKUP(B40,Engpar!A:A,Engpar!K:K) -> 112.16068 | H40: =_xlfn.XLOOKUP(A40,Claim!C:C,Claim!I:I) -> SOLAR CHARGE CONTROLLER | I40: =_xlfn.XLOOKUP(A40,Claim!C:C,Claim!J:J) -> 1 | J40: =_xlfn.XLOOKUP(A40,Claim!C:C,Claim!M:M) -> REQUEST_GARANSI | K40: =_xlfn.XLOOKUP(A40,Claim!C:C,Claim!O:O) -> Approved | L40: =_xlfn.XLOOKUP(A40,Claim!C:C,Claim!P:P) -> MSS Pending Form | M40: =_xlfn.XLOOKUP(A40,Claim!C:C,Claim!Q:Q) -> - | N40: {=_xlfn.IFS( OR(L40="Cancel", L40="Canceled", L40="Reject", L40="Rejected"), "Cancel / Rejected", AND(OR(J40="Request_Garansi", J40="Perbaikan_Asset"), OR(L40="Approved", L40="PMO Pending")), "MSS Need Send", TRUE, "Waiting Approval" )} -> Waiting Approval | O40: {=_xlfn.IFS( OR(M40="Cancel", M40="Canceled", M40="Reject", M40="Rejected", K40="Cancel", K40="Canceled", K40="Reject", K40="Rejected", L40="Cancel", L40="Canceled", L40="Reject", L40="Rejected"), "Cancel / Rejected", AND(OR(J40="Perbaikan_Asset"), OR(M40="KSO Pending")), "KSO Need Send", TRUE, "Waiting Approval" )} -> Waiting Approval | Q40: {=_xlfn.IFS( OR(M40="Cancel", M40="Canceled", M40="Reject", M40="Rejected", K40="Cancel", K40="Canceled", K40="Reject", K40="Rejected", L40="Cancel", L40="Canceled", L40="Reject", L40="Rejected"), "Cancel / Rejected", P40<>"", "MSS Done Send", N40="MSS Need Send", "MSS Need Send", TRUE, "Waiting Approval" )} -> Waiting Approval | S40: {=_xlfn.IFS( OR(M40="Cancel", M40="Canceled", M40="Reject", M40="Rejected", K40="Cancel", K40="Canceled", K40="Reject", K40="Rejected", L40="Cancel", L40="Canceled", L40="Reject", L40="Rejected"), "Cancel / Rejected", R40<>"", "KSO Done Send", Q40="MSS Need Send", "MSS Need Send", O40="KSO Need Send", "KSO Need Send", TRUE, "Waiting Approval" )} -> Waiting Approval
A41: PRE-APPROVAL-KLAIM-GARANSI/PMO/X/2026/0039 | B41: KLT0018 | C41: =_xlfn.XLOOKUP(B41,Engpar!A:A,Engpar!C:C) -> TUMBANG SUEI | D41: =_xlfn.XLOOKUP(B41,Engpar!A:A,Engpar!F:F) -> KALIMANTAN TENGAH | E41: =_xlfn.XLOOKUP(B41,Engpar!A:A,Engpar!G:G) -> SERUYAN | F41: =_xlfn.XLOOKUP(B41,Engpar!A:A,Engpar!J:J) -> -1.31559 | G41: =_xlfn.XLOOKUP(B41,Engpar!A:A,Engpar!K:K) -> 111.855 | H41: =_xlfn.XLOOKUP(A41,Claim!C:C,Claim!I:I) -> BATERAI | I41: =_xlfn.XLOOKUP(A41,Claim!C:C,Claim!J:J) -> 2 | J41: =_xlfn.XLOOKUP(A41,Claim!C:C,Claim!M:M) -> PRE_APPROVAL | K41: =_xlfn.XLOOKUP(A41,Claim!C:C,Claim!O:O) -> Canceled | L41: =_xlfn.XLOOKUP(A41,Claim!C:C,Claim!P:P) -> - | M41: =_xlfn.XLOOKUP(A41,Claim!C:C,Claim!Q:Q) -> - | N41: {=_xlfn.IFS( OR(L41="Cancel", L41="Canceled", L41="Reject", L41="Rejected"), "Cancel / Rejected", AND(OR(J41="Request_Garansi", J41="Perbaikan_Asset"), OR(L41="Approved", L41="PMO Pending")), "MSS Need Send", TRUE, "Waiting Approval" )} -> Waiting Approval | O41: {=_xlfn.IFS( OR(M41="Cancel", M41="Canceled", M41="Reject", M41="Rejected", K41="Cancel", K41="Canceled", K41="Reject", K41="Rejected", L41="Cancel", L41="Canceled", L41="Reject", L41="Rejected"), "Cancel / Rejected", AND(OR(J41="Perbaikan_Asset"), OR(M41="KSO Pending")), "KSO Need Send", TRUE, "Waiting Approval" )} -> Cancel / Rejected | Q41: {=_xlfn.IFS( OR(M41="Cancel", M41="Canceled", M41="Reject", M41="Rejected", K41="Cancel", K41="Canceled", K41="Reject", K41="Rejected", L41="Cancel", L41="Canceled", L41="Reject", L41="Rejected"), "Cancel / Rejected", P41<>"", "MSS Done Send", N41="MSS Need Send", "MSS Need Send", TRUE, "Waiting Approval" )} -> Cancel / Rejected | S41: {=_xlfn.IFS( OR(M41="Cancel", M41="Canceled", M41="Reject", M41="Rejected", K41="Cancel", K41="Canceled", K41="Reject", K41="Rejected", L41="Cancel", L41="Canceled", L41="Reject", L41="Rejected"), "Cancel / Rejected", R41<>"", "KSO Done Send", Q41="MSS Need Send", "MSS Need Send", O41="KSO Need Send", "KSO Need Send", TRUE, "Waiting Approval" )} -> Cancel / Rejected
A42: PRE-APPROVAL-KLAIM-GARANSI/PMO/X/2026/0035 | B42: KLT00042 | C42: =_xlfn.XLOOKUP(B42,Engpar!A:A,Engpar!C:C) -> RANTAU BAHAI | D42: =_xlfn.XLOOKUP(B42,Engpar!A:A,Engpar!F:F) -> KALIMANTAN TENGAH | E42: =_xlfn.XLOOKUP(B42,Engpar!A:A,Engpar!G:G) -> KATINGAN | F42: =_xlfn.XLOOKUP(B42,Engpar!A:A,Engpar!J:J) -> -1.05784 | G42: =_xlfn.XLOOKUP(B42,Engpar!A:A,Engpar!K:K) -> 112.43424 | H42: =_xlfn.XLOOKUP(A42,Claim!C:C,Claim!I:I) -> BATERAI | I42: =_xlfn.XLOOKUP(A42,Claim!C:C,Claim!J:J) -> 2 | J42: =_xlfn.XLOOKUP(A42,Claim!C:C,Claim!M:M) -> REQUEST_GARANSI | K42: =_xlfn.XLOOKUP(A42,Claim!C:C,Claim!O:O) -> Approved | L42: =_xlfn.XLOOKUP(A42,Claim!C:C,Claim!P:P) -> MSS Pending Form | M42: =_xlfn.XLOOKUP(A42,Claim!C:C,Claim!Q:Q) -> - | N42: {=_xlfn.IFS( OR(L42="Cancel", L42="Canceled", L42="Reject", L42="Rejected"), "Cancel / Rejected", AND(OR(J42="Request_Garansi", J42="Perbaikan_Asset"), OR(L42="Approved", L42="PMO Pending")), "MSS Need Send", TRUE, "Waiting Approval" )} -> Waiting Approval | O42: {=_xlfn.IFS( OR(M42="Cancel", M42="Canceled", M42="Reject", M42="Rejected", K42="Cancel", K42="Canceled", K42="Reject", K42="Rejected", L42="Cancel", L42="Canceled", L42="Reject", L42="Rejected"), "Cancel / Rejected", AND(OR(J42="Perbaikan_Asset"), OR(M42="KSO Pending")), "KSO Need Send", TRUE, "Waiting Approval" )} -> Waiting Approval | P42: 21/08/2026 | Q42: {=_xlfn.IFS( OR(M42="Cancel", M42="Canceled", M42="Reject", M42="Rejected", K42="Cancel", K42="Canceled", K42="Reject", K42="Rejected", L42="Cancel", L42="Canceled", L42="Reject", L42="Rejected"), "Cancel / Rejected", P42<>"", "MSS Done Send", N42="MSS Need Send", "MSS Need Send", TRUE, "Waiting Approval" )} -> MSS Done Send | S42: {=_xlfn.IFS( OR(M42="Cancel", M42="Canceled", M42="Reject", M42="Rejected", K42="Cancel", K42="Canceled", K42="Reject", K42="Rejected", L42="Cancel", L42="Canceled", L42="Reject", L42="Rejected"), "Cancel / Rejected", R42<>"", "KSO Done Send", Q42="MSS Need Send", "MSS Need Send", O42="KSO Need Send", "KSO Need Send", TRUE, "Waiting Approval" )} -> Waiting Approval
A43: PRE-APPROVAL-KLAIM-GARANSI/PMO/X/2026/0034 | B43: KLI00043 | C43: =_xlfn.XLOOKUP(B43,Engpar!A:A,Engpar!C:C) -> TANJUNG MANGKALIHAT | D43: =_xlfn.XLOOKUP(B43,Engpar!A:A,Engpar!F:F) -> KALIMANTAN TIMUR | E43: =_xlfn.XLOOKUP(B43,Engpar!A:A,Engpar!G:G) -> KUTAI TIMUR | F43: =_xlfn.XLOOKUP(B43,Engpar!A:A,Engpar!J:J) -> 1.0035 | G43: =_xlfn.XLOOKUP(B43,Engpar!A:A,Engpar!K:K) -> 118.97835 | H43: =_xlfn.XLOOKUP(A43,Claim!C:C,Claim!I:I) -> INVERTER 300 W | I43: =_xlfn.XLOOKUP(A43,Claim!C:C,Claim!J:J) -> 1 | J43: =_xlfn.XLOOKUP(A43,Claim!C:C,Claim!M:M) -> REQUEST_GARANSI | K43: =_xlfn.XLOOKUP(A43,Claim!C:C,Claim!O:O) -> Approved | L43: =_xlfn.XLOOKUP(A43,Claim!C:C,Claim!P:P) -> MSS Pending Form | M43: =_xlfn.XLOOKUP(A43,Claim!C:C,Claim!Q:Q) -> - | N43: {=_xlfn.IFS( OR(L43="Cancel", L43="Canceled", L43="Reject", L43="Rejected"), "Cancel / Rejected", AND(OR(J43="Request_Garansi", J43="Perbaikan_Asset"), OR(L43="Approved", L43="PMO Pending")), "MSS Need Send", TRUE, "Waiting Approval" )} -> Waiting Approval | O43: {=_xlfn.IFS( OR(M43="Cancel", M43="Canceled", M43="Reject", M43="Rejected", K43="Cancel", K43="Canceled", K43="Reject", K43="Rejected", L43="Cancel", L43="Canceled", L43="Reject", L43="Rejected"), "Cancel / Rejected", AND(OR(J43="Perbaikan_Asset"), OR(M43="KSO Pending")), "KSO Need Send", TRUE, "Waiting Approval" )} -> Waiting Approval | P43: 25/09/2026 | Q43: {=_xlfn.IFS( OR(M43="Cancel", M43="Canceled", M43="Reject", M43="Rejected", K43="Cancel", K43="Canceled", K43="Reject", K43="Rejected", L43="Cancel", L43="Canceled", L43="Reject", L43="Rejected"), "Cancel / Rejected", P43<>"", "MSS Done Send", N43="MSS Need Send", "MSS Need Send", TRUE, "Waiting Approval" )} -> MSS Done Send | S43: {=_xlfn.IFS( OR(M43="Cancel", M43="Canceled", M43="Reject", M43="Rejected", K43="Cancel", K43="Canceled", K43="Reject", K43="Rejected", L43="Cancel", L43="Canceled", L43="Reject", L43="Rejected"), "Cancel / Rejected", R43<>"", "KSO Done Send", Q43="MSS Need Send", "MSS Need Send", O43="KSO Need Send", "KSO Need Send", TRUE, "Waiting Approval" )} -> Waiting Approval
A44: PRE-APPROVAL-KLAIM-GARANSI/PMO/X/2026/0033 | B44: KLI00044 | C44: =_xlfn.XLOOKUP(B44,Engpar!A:A,Engpar!C:C) -> SANDARAN | D44: =_xlfn.XLOOKUP(B44,Engpar!A:A,Engpar!F:F) -> KALIMANTAN TIMUR | E44: =_xlfn.XLOOKUP(B44,Engpar!A:A,Engpar!G:G) -> KUTAI TIMUR | F44: =_xlfn.XLOOKUP(B44,Engpar!A:A,Engpar!J:J) -> 0.87952 | G44: =_xlfn.XLOOKUP(B44,Engpar!A:A,Engpar!K:K) -> 118.87077 | H44: =_xlfn.XLOOKUP(A44,Claim!C:C,Claim!I:I) -> SOLAR CHARGE CONTROLLER | I44: =_xlfn.XLOOKUP(A44,Claim!C:C,Claim!J:J) -> 1 | J44: =_xlfn.XLOOKUP(A44,Claim!C:C,Claim!M:M) -> PRE_APPROVAL | K44: =_xlfn.XLOOKUP(A44,Claim!C:C,Claim!O:O) -> Rejected | L44: =_xlfn.XLOOKUP(A44,Claim!C:C,Claim!P:P) -> - | M44: =_xlfn.XLOOKUP(A44,Claim!C:C,Claim!Q:Q) -> - | N44: {=_xlfn.IFS( OR(L44="Cancel", L44="Canceled", L44="Reject", L44="Rejected"), "Cancel / Rejected", AND(OR(J44="Request_Garansi", J44="Perbaikan_Asset"), OR(L44="Approved", L44="PMO Pending")), "MSS Need Send", TRUE, "Waiting Approval" )} -> Waiting Approval | O44: {=_xlfn.IFS( OR(M44="Cancel", M44="Canceled", M44="Reject", M44="Rejected", K44="Cancel", K44="Canceled", K44="Reject", K44="Rejected", L44="Cancel", L44="Canceled", L44="Reject", L44="Rejected"), "Cancel / Rejected", AND(OR(J44="Perbaikan_Asset"), OR(M44="KSO Pending")), "KSO Need Send", TRUE, "Waiting Approval" )} -> Cancel / Rejected | Q44: {=_xlfn.IFS( OR(M44="Cancel", M44="Canceled", M44="Reject", M44="Rejected", K44="Cancel", K44="Canceled", K44="Reject", K44="Rejected", L44="Cancel", L44="Canceled", L44="Reject", L44="Rejected"), "Cancel / Rejected", P44<>"", "MSS Done Send", N44="MSS Need Send", "MSS Need Send", TRUE, "Waiting Approval" )} -> Cancel / Rejected | S44: {=_xlfn.IFS( OR(M44="Cancel", M44="Canceled", M44="Reject", M44="Rejected", K44="Cancel", K44="Canceled", K44="Reject", K44="Rejected", L44="Cancel", L44="Canceled", L44="Reject", L44="Rejected"), "Cancel / Rejected", R44<>"", "KSO Done Send", Q44="MSS Need Send", "MSS Need Send", O44="KSO Need Send", "KSO Need Send", TRUE, "Waiting Approval" )} -> Cancel / Rejected
A45: PRE-APPROVAL-KLAIM-GARANSI/PMO/X/2026/0032 | B45: KLT00042 | C45: =_xlfn.XLOOKUP(B45,Engpar!A:A,Engpar!C:C) -> RANTAU BAHAI | D45: =_xlfn.XLOOKUP(B45,Engpar!A:A,Engpar!F:F) -> KALIMANTAN TENGAH | E45: =_xlfn.XLOOKUP(B45,Engpar!A:A,Engpar!G:G) -> KATINGAN | F45: =_xlfn.XLOOKUP(B45,Engpar!A:A,Engpar!J:J) -> -1.05784 | G45: =_xlfn.XLOOKUP(B45,Engpar!A:A,Engpar!K:K) -> 112.43424 | H45: =_xlfn.XLOOKUP(A45,Claim!C:C,Claim!I:I) -> BATERAI | I45: =_xlfn.XLOOKUP(A45,Claim!C:C,Claim!J:J) -> 2 | J45: =_xlfn.XLOOKUP(A45,Claim!C:C,Claim!M:M) -> PRE_APPROVAL | K45: =_xlfn.XLOOKUP(A45,Claim!C:C,Claim!O:O) -> Rejected | L45: =_xlfn.XLOOKUP(A45,Claim!C:C,Claim!P:P) -> - | M45: =_xlfn.XLOOKUP(A45,Claim!C:C,Claim!Q:Q) -> - | N45: {=_xlfn.IFS( OR(L45="Cancel", L45="Canceled", L45="Reject", L45="Rejected"), "Cancel / Rejected", AND(OR(J45="Request_Garansi", J45="Perbaikan_Asset"), OR(L45="Approved", L45="PMO Pending")), "MSS Need Send", TRUE, "Waiting Approval" )} -> Waiting Approval | O45: {=_xlfn.IFS( OR(M45="Cancel", M45="Canceled", M45="Reject", M45="Rejected", K45="Cancel", K45="Canceled", K45="Reject", K45="Rejected", L45="Cancel", L45="Canceled", L45="Reject", L45="Rejected"), "Cancel / Rejected", AND(OR(J45="Perbaikan_Asset"), OR(M45="KSO Pending")), "KSO Need Send", TRUE, "Waiting Approval" )} -> Cancel / Rejected | P45: 17/09/2026 | Q45: {=_xlfn.IFS( OR(M45="Cancel", M45="Canceled", M45="Reject", M45="Rejected", K45="Cancel", K45="Canceled", K45="Reject", K45="Rejected", L45="Cancel", L45="Canceled", L45="Reject", L45="Rejected"), "Cancel / Rejected", P45<>"", "MSS Done Send", N45="MSS Need Send", "MSS Need Send", TRUE, "Waiting Approval" )} -> Cancel / Rejected | S45: {=_xlfn.IFS( OR(M45="Cancel", M45="Canceled", M45="Reject", M45="Rejected", K45="Cancel", K45="Canceled", K45="Reject", K45="Rejected", L45="Cancel", L45="Canceled", L45="Reject", L45="Rejected"), "Cancel / Rejected", R45<>"", "KSO Done Send", Q45="MSS Need Send", "MSS Need Send", O45="KSO Need Send", "KSO Need Send", TRUE, "Waiting Approval" )} -> Cancel / Rejected
A46: PRE-APPROVAL-KLAIM-GARANSI/PMO/X/2026/0031 | B46: KLI00043 | C46: =_xlfn.XLOOKUP(B46,Engpar!A:A,Engpar!C:C) -> TANJUNG MANGKALIHAT | D46: =_xlfn.XLOOKUP(B46,Engpar!A:A,Engpar!F:F) -> KALIMANTAN TIMUR | E46: =_xlfn.XLOOKUP(B46,Engpar!A:A,Engpar!G:G) -> KUTAI TIMUR | F46: =_xlfn.XLOOKUP(B46,Engpar!A:A,Engpar!J:J) -> 1.0035 | G46: =_xlfn.XLOOKUP(B46,Engpar!A:A,Engpar!K:K) -> 118.97835 | H46: =_xlfn.XLOOKUP(A46,Claim!C:C,Claim!I:I) -> SOLAR CHARGE CONTROLLER | I46: =_xlfn.XLOOKUP(A46,Claim!C:C,Claim!J:J) -> 1 | J46: =_xlfn.XLOOKUP(A46,Claim!C:C,Claim!M:M) -> REQUEST_GARANSI | K46: =_xlfn.XLOOKUP(A46,Claim!C:C,Claim!O:O) -> Approved | L46: =_xlfn.XLOOKUP(A46,Claim!C:C,Claim!P:P) -> MSS Pending Form | M46: =_xlfn.XLOOKUP(A46,Claim!C:C,Claim!Q:Q) -> - | N46: {=_xlfn.IFS( OR(L46="Cancel", L46="Canceled", L46="Reject", L46="Rejected"), "Cancel / Rejected", AND(OR(J46="Request_Garansi", J46="Perbaikan_Asset"), OR(L46="Approved", L46="PMO Pending")), "MSS Need Send", TRUE, "Waiting Approval" )} -> Waiting Approval | O46: {=_xlfn.IFS( OR(M46="Cancel", M46="Canceled", M46="Reject", M46="Rejected", K46="Cancel", K46="Canceled", K46="Reject", K46="Rejected", L46="Cancel", L46="Canceled", L46="Reject", L46="Rejected"), "Cancel / Rejected", AND(OR(J46="Perbaikan_Asset"), OR(M46="KSO Pending")), "KSO Need Send", TRUE, "Waiting Approval" )} -> Waiting Approval | Q46: {=_xlfn.IFS( OR(M46="Cancel", M46="Canceled", M46="Reject", M46="Rejected", K46="Cancel", K46="Canceled", K46="Reject", K46="Rejected", L46="Cancel", L46="Canceled", L46="Reject", L46="Rejected"), "Cancel / Rejected", P46<>"", "MSS Done Send", N46="MSS Need Send", "MSS Need Send", TRUE, "Waiting Approval" )} -> Waiting Approval | S46: {=_xlfn.IFS( OR(M46="Cancel", M46="Canceled", M46="Reject", M46="Rejected", K46="Cancel", K46="Canceled", K46="Reject", K46="Rejected", L46="Cancel", L46="Canceled", L46="Reject", L46="Rejected"), "Cancel / Rejected", R46<>"", "KSO Done Send", Q46="MSS Need Send", "MSS Need Send", O46="KSO Need Send", "KSO Need Send", TRUE, "Waiting Approval" )} -> Waiting Approval
A47: PRE-APPROVAL-KLAIM-GARANSI/PMO/X/2026/0030 | B47: KLT00061 | C47: =_xlfn.XLOOKUP(B47,Engpar!A:A,Engpar!C:C) -> TUMBANG SALUANG | D47: =_xlfn.XLOOKUP(B47,Engpar!A:A,Engpar!F:F) -> KALIMANTAN TENGAH | E47: =_xlfn.XLOOKUP(B47,Engpar!A:A,Engpar!G:G) -> KOTAWARINGIN TIMUR | F47: =_xlfn.XLOOKUP(B47,Engpar!A:A,Engpar!J:J) -> -1.5667 | G47: =_xlfn.XLOOKUP(B47,Engpar!A:A,Engpar!K:K) -> 112.2635 | H47: =_xlfn.XLOOKUP(A47,Claim!C:C,Claim!I:I) -> INVERTER 300 W | I47: =_xlfn.XLOOKUP(A47,Claim!C:C,Claim!J:J) -> 1 | J47: =_xlfn.XLOOKUP(A47,Claim!C:C,Claim!M:M) -> REQUEST_GARANSI | K47: =_xlfn.XLOOKUP(A47,Claim!C:C,Claim!O:O) -> Approved | L47: =_xlfn.XLOOKUP(A47,Claim!C:C,Claim!P:P) -> MSS Pending Form | M47: =_xlfn.XLOOKUP(A47,Claim!C:C,Claim!Q:Q) -> - | N47: {=_xlfn.IFS( OR(L47="Cancel", L47="Canceled", L47="Reject", L47="Rejected"), "Cancel / Rejected", AND(OR(J47="Request_Garansi", J47="Perbaikan_Asset"), OR(L47="Approved", L47="PMO Pending")), "MSS Need Send", TRUE, "Waiting Approval" )} -> Waiting Approval | O47: {=_xlfn.IFS( OR(M47="Cancel", M47="Canceled", M47="Reject", M47="Rejected", K47="Cancel", K47="Canceled", K47="Reject", K47="Rejected", L47="Cancel", L47="Canceled", L47="Reject", L47="Rejected"), "Cancel / Rejected", AND(OR(J47="Perbaikan_Asset"), OR(M47="KSO Pending")), "KSO Need Send", TRUE, "Waiting Approval" )} -> Waiting Approval | P47: 25/09/2026 | Q47: {=_xlfn.IFS( OR(M47="Cancel", M47="Canceled", M47="Reject", M47="Rejected", K47="Cancel", K47="Canceled", K47="Reject", K47="Rejected", L47="Cancel", L47="Canceled", L47="Reject", L47="Rejected"), "Cancel / Rejected", P47<>"", "MSS Done Send", N47="MSS Need Send", "MSS Need Send", TRUE, "Waiting Approval" )} -> MSS Done Send | S47: {=_xlfn.IFS( OR(M47="Cancel", M47="Canceled", M47="Reject", M47="Rejected", K47="Cancel", K47="Canceled", K47="Reject", K47="Rejected", L47="Cancel", L47="Canceled", L47="Reject", L47="Rejected"), "Cancel / Rejected", R47<>"", "KSO Done Send", Q47="MSS Need Send", "MSS Need Send", O47="KSO Need Send", "KSO Need Send", TRUE, "Waiting Approval" )} -> Waiting Approval
A48: PRE-APPROVAL-KLAIM-GARANSI/PMO/X/2026/0029 | B48: KLI00039 | C48: =_xlfn.XLOOKUP(B48,Engpar!A:A,Engpar!C:C) -> TELUK SUMBANG | D48: =_xlfn.XLOOKUP(B48,Engpar!A:A,Engpar!F:F) -> KALIMANTAN TIMUR | E48: =_xlfn.XLOOKUP(B48,Engpar!A:A,Engpar!G:G) -> BERAU | F48: =_xlfn.XLOOKUP(B48,Engpar!A:A,Engpar!J:J) -> 1.05237 | G48: =_xlfn.XLOOKUP(B48,Engpar!A:A,Engpar!K:K) -> 118.83427 | H48: =_xlfn.XLOOKUP(A48,Claim!C:C,Claim!I:I) -> YARD LAMP | I48: =_xlfn.XLOOKUP(A48,Claim!C:C,Claim!J:J) -> 1 | J48: =_xlfn.XLOOKUP(A48,Claim!C:C,Claim!M:M) -> PRE_APPROVAL | K48: =_xlfn.XLOOKUP(A48,Claim!C:C,Claim!O:O) -> Rejected | L48: =_xlfn.XLOOKUP(A48,Claim!C:C,Claim!P:P) -> - | M48: =_xlfn.XLOOKUP(A48,Claim!C:C,Claim!Q:Q) -> - | N48: {=_xlfn.IFS( OR(L48="Cancel", L48="Canceled", L48="Reject", L48="Rejected"), "Cancel / Rejected", AND(OR(J48="Request_Garansi", J48="Perbaikan_Asset"), OR(L48="Approved", L48="PMO Pending")), "MSS Need Send", TRUE, "Waiting Approval" )} -> Waiting Approval | O48: {=_xlfn.IFS( OR(M48="Cancel", M48="Canceled", M48="Reject", M48="Rejected", K48="Cancel", K48="Canceled", K48="Reject", K48="Rejected", L48="Cancel", L48="Canceled", L48="Reject", L48="Rejected"), "Cancel / Rejected", AND(OR(J48="Perbaikan_Asset"), OR(M48="KSO Pending")), "KSO Need Send", TRUE, "Waiting Approval" )} -> Cancel / Rejected | Q48: {=_xlfn.IFS( OR(M48="Cancel", M48="Canceled", M48="Reject", M48="Rejected", K48="Cancel", K48="Canceled", K48="Reject", K48="Rejected", L48="Cancel", L48="Canceled", L48="Reject", L48="Rejected"), "Cancel / Rejected", P48<>"", "MSS Done Send", N48="MSS Need Send", "MSS Need Send", TRUE, "Waiting Approval" )} -> Cancel / Rejected | S48: {=_xlfn.IFS( OR(M48="Cancel", M48="Canceled", M48="Reject", M48="Rejected", K48="Cancel", K48="Canceled", K48="Reject", K48="Rejected", L48="Cancel", L48="Canceled", L48="Reject", L48="Rejected"), "Cancel / Rejected", R48<>"", "KSO Done Send", Q48="MSS Need Send", "MSS Need Send", O48="KSO Need Send", "KSO Need Send", TRUE, "Waiting Approval" )} -> Cancel / Rejected
A49: PRE-APPROVAL-KLAIM-GARANSI/PMO/X/2026/0028 | B49: KLT00061 | C49: =_xlfn.XLOOKUP(B49,Engpar!A:A,Engpar!C:C) -> TUMBANG SALUANG | D49: =_xlfn.XLOOKUP(B49,Engpar!A:A,Engpar!F:F) -> KALIMANTAN TENGAH | E49: =_xlfn.XLOOKUP(B49,Engpar!A:A,Engpar!G:G) -> KOTAWARINGIN TIMUR | F49: =_xlfn.XLOOKUP(B49,Engpar!A:A,Engpar!J:J) -> -1.5667 | G49: =_xlfn.XLOOKUP(B49,Engpar!A:A,Engpar!K:K) -> 112.2635 | H49: =_xlfn.XLOOKUP(A49,Claim!C:C,Claim!I:I) -> BATERAI | I49: =_xlfn.XLOOKUP(A49,Claim!C:C,Claim!J:J) -> 2 | J49: =_xlfn.XLOOKUP(A49,Claim!C:C,Claim!M:M) -> REQUEST_GARANSI | K49: =_xlfn.XLOOKUP(A49,Claim!C:C,Claim!O:O) -> Approved | L49: =_xlfn.XLOOKUP(A49,Claim!C:C,Claim!P:P) -> MSS Pending Form | M49: =_xlfn.XLOOKUP(A49,Claim!C:C,Claim!Q:Q) -> - | N49: {=_xlfn.IFS( OR(L49="Cancel", L49="Canceled", L49="Reject", L49="Rejected"), "Cancel / Rejected", AND(OR(J49="Request_Garansi", J49="Perbaikan_Asset"), OR(L49="Approved", L49="PMO Pending")), "MSS Need Send", TRUE, "Waiting Approval" )} -> Waiting Approval | O49: {=_xlfn.IFS( OR(M49="Cancel", M49="Canceled", M49="Reject", M49="Rejected", K49="Cancel", K49="Canceled", K49="Reject", K49="Rejected", L49="Cancel", L49="Canceled", L49="Reject", L49="Rejected"), "Cancel / Rejected", AND(OR(J49="Perbaikan_Asset"), OR(M49="KSO Pending")), "KSO Need Send", TRUE, "Waiting Approval" )} -> Waiting Approval | Q49: {=_xlfn.IFS( OR(M49="Cancel", M49="Canceled", M49="Reject", M49="Rejected", K49="Cancel", K49="Canceled", K49="Reject", K49="Rejected", L49="Cancel", L49="Canceled", L49="Reject", L49="Rejected"), "Cancel / Rejected", P49<>"", "MSS Done Send", N49="MSS Need Send", "MSS Need Send", TRUE, "Waiting Approval" )} -> Waiting Approval | S49: {=_xlfn.IFS( OR(M49="Cancel", M49="Canceled", M49="Reject", M49="Rejected", K49="Cancel", K49="Canceled", K49="Reject", K49="Rejected", L49="Cancel", L49="Canceled", L49="Reject", L49="Rejected"), "Cancel / Rejected", R49<>"", "KSO Done Send", Q49="MSS Need Send", "MSS Need Send", O49="KSO Need Send", "KSO Need Send", TRUE, "Waiting Approval" )} -> Waiting Approval
A50: PRE-APPROVAL-KLAIM-GARANSI/PMO/X/2026/0027 | B50: KLT0023 | C50: =_xlfn.XLOOKUP(B50,Engpar!A:A,Engpar!C:C) -> TUMBANG SETOLI | D50: =_xlfn.XLOOKUP(B50,Engpar!A:A,Engpar!F:F) -> KALIMANTAN TENGAH | E50: =_xlfn.XLOOKUP(B50,Engpar!A:A,Engpar!G:G) -> SERUYAN | F50: =_xlfn.XLOOKUP(B50,Engpar!A:A,Engpar!J:J) -> -1.27744 | G50: =_xlfn.XLOOKUP(B50,Engpar!A:A,Engpar!K:K) -> 111.67767 | H50: =_xlfn.XLOOKUP(A50,Claim!C:C,Claim!I:I) -> BATERAI | I50: =_xlfn.XLOOKUP(A50,Claim!C:C,Claim!J:J) -> 1 | J50: =_xlfn.XLOOKUP(A50,Claim!C:C,Claim!M:M) -> REQUEST_GARANSI | K50: =_xlfn.XLOOKUP(A50,Claim!C:C,Claim!O:O) -> Approved | L50: =_xlfn.XLOOKUP(A50,Claim!C:C,Claim!P:P) -> MSS Pending Form | M50: =_xlfn.XLOOKUP(A50,Claim!C:C,Claim!Q:Q) -> - | N50: {=_xlfn.IFS( OR(L50="Cancel", L50="Canceled", L50="Reject", L50="Rejected"), "Cancel / Rejected", AND(OR(J50="Request_Garansi", J50="Perbaikan_Asset"), OR(L50="Approved", L50="PMO Pending")), "MSS Need Send", TRUE, "Waiting Approval" )} -> Waiting Approval | O50: {=_xlfn.IFS( OR(M50="Cancel", M50="Canceled", M50="Reject", M50="Rejected", K50="Cancel", K50="Canceled", K50="Reject", K50="Rejected", L50="Cancel", L50="Canceled", L50="Reject", L50="Rejected"), "Cancel / Rejected", AND(OR(J50="Perbaikan_Asset"), OR(M50="KSO Pending")), "KSO Need Send", TRUE, "Waiting Approval" )} -> Waiting Approval | P50: 22/08/2026 | Q50: {=_xlfn.IFS( OR(M50="Cancel", M50="Canceled", M50="Reject", M50="Rejected", K50="Cancel", K50="Canceled", K50="Reject", K50="Rejected", L50="Cancel", L50="Canceled", L50="Reject", L50="Rejected"), "Cancel / Rejected", P50<>"", "MSS Done Send", N50="MSS Need Send", "MSS Need Send", TRUE, "Waiting Approval" )} -> MSS Done Send | S50: {=_xlfn.IFS( OR(M50="Cancel", M50="Canceled", M50="Reject", M50="Rejected", K50="Cancel", K50="Canceled", K50="Reject", K50="Rejected", L50="Cancel", L50="Canceled", L50="Reject", L50="Rejected"), "Cancel / Rejected", R50<>"", "KSO Done Send", Q50="MSS Need Send", "MSS Need Send", O50="KSO Need Send", "KSO Need Send", TRUE, "Waiting Approval" )} -> Waiting Approval
A51: PRE-APPROVAL-KLAIM-GARANSI/PMO/X/2026/0025 | B51: KLI00038 | C51: =_xlfn.XLOOKUP(B51,Engpar!A:A,Engpar!C:C) -> TADO'AN | D51: =_xlfn.XLOOKUP(B51,Engpar!A:A,Engpar!F:F) -> KALIMANTAN TIMUR | E51: =_xlfn.XLOOKUP(B51,Engpar!A:A,Engpar!G:G) -> KUTAI TIMUR | F51: =_xlfn.XLOOKUP(B51,Engpar!A:A,Engpar!J:J) -> 0.9899 | G51: =_xlfn.XLOOKUP(B51,Engpar!A:A,Engpar!K:K) -> 118.54745 | H51: =_xlfn.XLOOKUP(A51,Claim!C:C,Claim!I:I) -> INVERTER 300 W | I51: =_xlfn.XLOOKUP(A51,Claim!C:C,Claim!J:J) -> 1 | J51: =_xlfn.XLOOKUP(A51,Claim!C:C,Claim!M:M) -> REQUEST_GARANSI | K51: =_xlfn.XLOOKUP(A51,Claim!C:C,Claim!O:O) -> Approved | L51: =_xlfn.XLOOKUP(A51,Claim!C:C,Claim!P:P) -> MSS Pending Form | M51: =_xlfn.XLOOKUP(A51,Claim!C:C,Claim!Q:Q) -> - | N51: {=_xlfn.IFS( OR(L51="Cancel", L51="Canceled", L51="Reject", L51="Rejected"), "Cancel / Rejected", AND(OR(J51="Request_Garansi", J51="Perbaikan_Asset"), OR(L51="Approved", L51="PMO Pending")), "MSS Need Send", TRUE, "Waiting Approval" )} -> Waiting Approval | O51: {=_xlfn.IFS( OR(M51="Cancel", M51="Canceled", M51="Reject", M51="Rejected", K51="Cancel", K51="Canceled", K51="Reject", K51="Rejected", L51="Cancel", L51="Canceled", L51="Reject", L51="Rejected"), "Cancel / Rejected", AND(OR(J51="Perbaikan_Asset"), OR(M51="KSO Pending")), "KSO Need Send", TRUE, "Waiting Approval" )} -> Waiting Approval | P51: 22/08/2026 | Q51: {=_xlfn.IFS( OR(M51="Cancel", M51="Canceled", M51="Reject", M51="Rejected", K51="Cancel", K51="Canceled", K51="Reject", K51="Rejected", L51="Cancel", L51="Canceled", L51="Reject", L51="Rejected"), "Cancel / Rejected", P51<>"", "MSS Done Send", N51="MSS Need Send", "MSS Need Send", TRUE, "Waiting Approval" )} -> MSS Done Send | S51: {=_xlfn.IFS( OR(M51="Cancel", M51="Canceled", M51="Reject", M51="Rejected", K51="Cancel", K51="Canceled", K51="Reject", K51="Rejected", L51="Cancel", L51="Canceled", L51="Reject", L51="Rejected"), "Cancel / Rejected", R51<>"", "KSO Done Send", Q51="MSS Need Send", "MSS Need Send", O51="KSO Need Send", "KSO Need Send", TRUE, "Waiting Approval" )} -> Waiting Approval
A52: PRE-APPROVAL-KLAIM-GARANSI/PMO/X/2026/0024 | B52: KLT006 | C52: =_xlfn.XLOOKUP(B52,Engpar!A:A,Engpar!C:C) -> DURIAN TUNGGAL | D52: =_xlfn.XLOOKUP(B52,Engpar!A:A,Engpar!F:F) -> KALIMANTAN TENGAH | E52: =_xlfn.XLOOKUP(B52,Engpar!A:A,Engpar!G:G) -> SERUYAN | F52: =_xlfn.XLOOKUP(B52,Engpar!A:A,Engpar!J:J) -> -1.94915 | G52: =_xlfn.XLOOKUP(B52,Engpar!A:A,Engpar!K:K) -> 112.14937 | H52: =_xlfn.XLOOKUP(A52,Claim!C:C,Claim!I:I) -> BATERAI | I52: =_xlfn.XLOOKUP(A52,Claim!C:C,Claim!J:J) -> 3 | J52: =_xlfn.XLOOKUP(A52,Claim!C:C,Claim!M:M) -> PRE_APPROVAL | K52: =_xlfn.XLOOKUP(A52,Claim!C:C,Claim!O:O) -> KSO Pending | L52: =_xlfn.XLOOKUP(A52,Claim!C:C,Claim!P:P) -> - | M52: =_xlfn.XLOOKUP(A52,Claim!C:C,Claim!Q:Q) -> - | N52: {=_xlfn.IFS( OR(L52="Cancel", L52="Canceled", L52="Reject", L52="Rejected"), "Cancel / Rejected", AND(OR(J52="Request_Garansi", J52="Perbaikan_Asset"), OR(L52="Approved", L52="PMO Pending")), "MSS Need Send", TRUE, "Waiting Approval" )} -> Waiting Approval | O52: {=_xlfn.IFS( OR(M52="Cancel", M52="Canceled", M52="Reject", M52="Rejected", K52="Cancel", K52="Canceled", K52="Reject", K52="Rejected", L52="Cancel", L52="Canceled", L52="Reject", L52="Rejected"), "Cancel / Rejected", AND(OR(J52="Perbaikan_Asset"), OR(M52="KSO Pending")), "KSO Need Send", TRUE, "Waiting Approval" )} -> Waiting Approval | P52: 21/08/2026 | Q52: {=_xlfn.IFS( OR(M52="Cancel", M52="Canceled", M52="Reject", M52="Rejected", K52="Cancel", K52="Canceled", K52="Reject", K52="Rejected", L52="Cancel", L52="Canceled", L52="Reject", L52="Rejected"), "Cancel / Rejected", P52<>"", "MSS Done Send", N52="MSS Need Send", "MSS Need Send", TRUE, "Waiting Approval" )} -> MSS Done Send | R52: 46308 | S52: {=_xlfn.IFS( OR(M52="Cancel", M52="Canceled", M52="Reject", M52="Rejected", K52="Cancel", K52="Canceled", K52="Reject", K52="Rejected", L52="Cancel", L52="Canceled", L52="Reject", L52="Rejected"), "Cancel / Rejected", R52<>"", "KSO Done Send", Q52="MSS Need Send", "MSS Need Send", O52="KSO Need Send", "KSO Need Send", TRUE, "Waiting Approval" )} -> KSO Done Send
A53: PRE-APPROVAL-KLAIM-GARANSI/PMO/X/2026/0021 | B53: KLT006 | C53: =_xlfn.XLOOKUP(B53,Engpar!A:A,Engpar!C:C) -> DURIAN TUNGGAL | D53: =_xlfn.XLOOKUP(B53,Engpar!A:A,Engpar!F:F) -> KALIMANTAN TENGAH | E53: =_xlfn.XLOOKUP(B53,Engpar!A:A,Engpar!G:G) -> SERUYAN | F53: =_xlfn.XLOOKUP(B53,Engpar!A:A,Engpar!J:J) -> -1.94915 | G53: =_xlfn.XLOOKUP(B53,Engpar!A:A,Engpar!K:K) -> 112.14937 | H53: =_xlfn.XLOOKUP(A53,Claim!C:C,Claim!I:I) -> INVERTER 300 W | I53: =_xlfn.XLOOKUP(A53,Claim!C:C,Claim!J:J) -> 1 | J53: =_xlfn.XLOOKUP(A53,Claim!C:C,Claim!M:M) -> REQUEST_GARANSI | K53: =_xlfn.XLOOKUP(A53,Claim!C:C,Claim!O:O) -> Approved | L53: =_xlfn.XLOOKUP(A53,Claim!C:C,Claim!P:P) -> MSS Pending Form | M53: =_xlfn.XLOOKUP(A53,Claim!C:C,Claim!Q:Q) -> - | N53: {=_xlfn.IFS( OR(L53="Cancel", L53="Canceled", L53="Reject", L53="Rejected"), "Cancel / Rejected", AND(OR(J53="Request_Garansi", J53="Perbaikan_Asset"), OR(L53="Approved", L53="PMO Pending")), "MSS Need Send", TRUE, "Waiting Approval" )} -> Waiting Approval | O53: {=_xlfn.IFS( OR(M53="Cancel", M53="Canceled", M53="Reject", M53="Rejected", K53="Cancel", K53="Canceled", K53="Reject", K53="Rejected", L53="Cancel", L53="Canceled", L53="Reject", L53="Rejected"), "Cancel / Rejected", AND(OR(J53="Perbaikan_Asset"), OR(M53="KSO Pending")), "KSO Need Send", TRUE, "Waiting Approval" )} -> Waiting Approval | Q53: {=_xlfn.IFS( OR(M53="Cancel", M53="Canceled", M53="Reject", M53="Rejected", K53="Cancel", K53="Canceled", K53="Reject", K53="Rejected", L53="Cancel", L53="Canceled", L53="Reject", L53="Rejected"), "Cancel / Rejected", P53<>"", "MSS Done Send", N53="MSS Need Send", "MSS Need Send", TRUE, "Waiting Approval" )} -> Waiting Approval | S53: {=_xlfn.IFS( OR(M53="Cancel", M53="Canceled", M53="Reject", M53="Rejected", K53="Cancel", K53="Canceled", K53="Reject", K53="Rejected", L53="Cancel", L53="Canceled", L53="Reject", L53="Rejected"), "Cancel / Rejected", R53<>"", "KSO Done Send", Q53="MSS Need Send", "MSS Need Send", O53="KSO Need Send", "KSO Need Send", TRUE, "Waiting Approval" )} -> Waiting Approval
A54: PRE-APPROVAL-KLAIM-GARANSI/PMO/IX/2026/0296 | B54: KLB00171 | C54: =_xlfn.XLOOKUP(B54,Engpar!A:A,Engpar!C:C) -> SEBULUH | D54: =_xlfn.XLOOKUP(B54,Engpar!A:A,Engpar!F:F) -> KALIMANTAN BARAT | E54: =_xlfn.XLOOKUP(B54,Engpar!A:A,Engpar!G:G) -> SINTANG | F54: =_xlfn.XLOOKUP(B54,Engpar!A:A,Engpar!J:J) -> 0.94313 | G54: =_xlfn.XLOOKUP(B54,Engpar!A:A,Engpar!K:K) -> 111.09341 | H54: =_xlfn.XLOOKUP(A54,Claim!C:C,Claim!I:I) -> MODEM | I54: =_xlfn.XLOOKUP(A54,Claim!C:C,Claim!J:J) -> 1 | J54: =_xlfn.XLOOKUP(A54,Claim!C:C,Claim!M:M) -> PERBAIKAN_ASSET | K54: =_xlfn.XLOOKUP(A54,Claim!C:C,Claim!O:O) -> Approved | L54: =_xlfn.XLOOKUP(A54,Claim!C:C,Claim!P:P) -> Approved | M54: =_xlfn.XLOOKUP(A54,Claim!C:C,Claim!Q:Q) -> MSS Pending Form | N54: {=_xlfn.IFS( OR(L54="Cancel", L54="Canceled", L54="Reject", L54="Rejected"), "Cancel / Rejected", AND(OR(J54="Request_Garansi", J54="Perbaikan_Asset"), OR(L54="Approved", L54="PMO Pending")), "MSS Need Send", TRUE, "Waiting Approval" )} -> MSS Need Send | O54: {=_xlfn.IFS( OR(M54="Cancel", M54="Canceled", M54="Reject", M54="Rejected", K54="Cancel", K54="Canceled", K54="Reject", K54="Rejected", L54="Cancel", L54="Canceled", L54="Reject", L54="Rejected"), "Cancel / Rejected", AND(OR(J54="Perbaikan_Asset"), OR(M54="KSO Pending")), "KSO Need Send", TRUE, "Waiting Approval" )} -> Waiting Approval | P54: 25/08/2026 | Q54: {=_xlfn.IFS( OR(M54="Cancel", M54="Canceled", M54="Reject", M54="Rejected", K54="Cancel", K54="Canceled", K54="Reject", K54="Rejected", L54="Cancel", L54="Canceled", L54="Reject", L54="Rejected"), "Cancel / Rejected", P54<>"", "MSS Done Send", N54="MSS Need Send", "MSS Need Send", TRUE, "Waiting Approval" )} -> MSS Done Send | S54: {=_xlfn.IFS( OR(M54="Cancel", M54="Canceled", M54="Reject", M54="Rejected", K54="Cancel", K54="Canceled", K54="Reject", K54="Rejected", L54="Cancel", L54="Canceled", L54="Reject", L54="Rejected"), "Cancel / Rejected", R54<>"", "KSO Done Send", Q54="MSS Need Send", "MSS Need Send", O54="KSO Need Send", "KSO Need Send", TRUE, "Waiting Approval" )} -> Waiting Approval
A55: PRE-APPROVAL-KLAIM-GARANSI/PMO/IX/2026/0295 | B55: KLB00291 | C55: =_xlfn.XLOOKUP(B55,Engpar!A:A,Engpar!C:C) -> BATU TIGA | D55: =_xlfn.XLOOKUP(B55,Engpar!A:A,Engpar!F:F) -> KALIMANTAN BARAT | E55: =_xlfn.XLOOKUP(B55,Engpar!A:A,Engpar!G:G) -> KAPUAS HULU | F55: =_xlfn.XLOOKUP(B55,Engpar!A:A,Engpar!J:J) -> 0.34076 | G55: =_xlfn.XLOOKUP(B55,Engpar!A:A,Engpar!K:K) -> 112.98254 | H55: =_xlfn.XLOOKUP(A55,Claim!C:C,Claim!I:I) -> PERANGKAT SISTEM MONTORING ONLINE TERINTEGRASI | I55: =_xlfn.XLOOKUP(A55,Claim!C:C,Claim!J:J) -> 1 | J55: =_xlfn.XLOOKUP(A55,Claim!C:C,Claim!M:M) -> PERBAIKAN_ASSET | K55: =_xlfn.XLOOKUP(A55,Claim!C:C,Claim!O:O) -> Approved | L55: =_xlfn.XLOOKUP(A55,Claim!C:C,Claim!P:P) -> Approved | M55: =_xlfn.XLOOKUP(A55,Claim!C:C,Claim!Q:Q) -> MSS Pending Form | N55: {=_xlfn.IFS( OR(L55="Cancel", L55="Canceled", L55="Reject", L55="Rejected"), "Cancel / Rejected", AND(OR(J55="Request_Garansi", J55="Perbaikan_Asset"), OR(L55="Approved", L55="PMO Pending")), "MSS Need Send", TRUE, "Waiting Approval" )} -> MSS Need Send | O55: {=_xlfn.IFS( OR(M55="Cancel", M55="Canceled", M55="Reject", M55="Rejected", K55="Cancel", K55="Canceled", K55="Reject", K55="Rejected", L55="Cancel", L55="Canceled", L55="Reject", L55="Rejected"), "Cancel / Rejected", AND(OR(J55="Perbaikan_Asset"), OR(M55="KSO Pending")), "KSO Need Send", TRUE, "Waiting Approval" )} -> Waiting Approval | P55: 21/08/2026 | Q55: {=_xlfn.IFS( OR(M55="Cancel", M55="Canceled", M55="Reject", M55="Rejected", K55="Cancel", K55="Canceled", K55="Reject", K55="Rejected", L55="Cancel", L55="Canceled", L55="Reject", L55="Rejected"), "Cancel / Rejected", P55<>"", "MSS Done Send", N55="MSS Need Send", "MSS Need Send", TRUE, "Waiting Approval" )} -> MSS Done Send | S55: {=_xlfn.IFS( OR(M55="Cancel", M55="Canceled", M55="Reject", M55="Rejected", K55="Cancel", K55="Canceled", K55="Reject", K55="Rejected", L55="Cancel", L55="Canceled", L55="Reject", L55="Rejected"), "Cancel / Rejected", R55<>"", "KSO Done Send", Q55="MSS Need Send", "MSS Need Send", O55="KSO Need Send", "KSO Need Send", TRUE, "Waiting Approval" )} -> Waiting Approval
A56: PRE-APPROVAL-KLAIM-GARANSI/PMO/IX/2026/0294 | B56: KLB0041 | C56: =_xlfn.XLOOKUP(B56,Engpar!A:A,Engpar!C:C) -> TANJUNG MAJU | D56: =_xlfn.XLOOKUP(B56,Engpar!A:A,Engpar!F:F) -> KALIMANTAN BARAT | E56: =_xlfn.XLOOKUP(B56,Engpar!A:A,Engpar!G:G) -> KETAPANG | F56: =_xlfn.XLOOKUP(B56,Engpar!A:A,Engpar!J:J) -> -0.71097 | G56: =_xlfn.XLOOKUP(B56,Engpar!A:A,Engpar!K:K) -> 110.49149 | H56: =_xlfn.XLOOKUP(A56,Claim!C:C,Claim!I:I) -> Inverter 300W | I56: =_xlfn.XLOOKUP(A56,Claim!C:C,Claim!J:J) -> 1 | J56: =_xlfn.XLOOKUP(A56,Claim!C:C,Claim!M:M) -> PERBAIKAN_ASSET | K56: =_xlfn.XLOOKUP(A56,Claim!C:C,Claim!O:O) -> Approved | L56: =_xlfn.XLOOKUP(A56,Claim!C:C,Claim!P:P) -> Approved | M56: =_xlfn.XLOOKUP(A56,Claim!C:C,Claim!Q:Q) -> MSS Pending Form | N56: {=_xlfn.IFS( OR(L56="Cancel", L56="Canceled", L56="Reject", L56="Rejected"), "Cancel / Rejected", AND(OR(J56="Request_Garansi", J56="Perbaikan_Asset"), OR(L56="Approved", L56="PMO Pending")), "MSS Need Send", TRUE, "Waiting Approval" )} -> MSS Need Send | O56: {=_xlfn.IFS( OR(M56="Cancel", M56="Canceled", M56="Reject", M56="Rejected", K56="Cancel", K56="Canceled", K56="Reject", K56="Rejected", L56="Cancel", L56="Canceled", L56="Reject", L56="Rejected"), "Cancel / Rejected", AND(OR(J56="Perbaikan_Asset"), OR(M56="KSO Pending")), "KSO Need Send", TRUE, "Waiting Approval" )} -> Waiting Approval | P56: 22/08/2026 | Q56: {=_xlfn.IFS( OR(M56="Cancel", M56="Canceled", M56="Reject", M56="Rejected", K56="Cancel", K56="Canceled", K56="Reject", K56="Rejected", L56="Cancel", L56="Canceled", L56="Reject", L56="Rejected"), "Cancel / Rejected", P56<>"", "MSS Done Send", N56="MSS Need Send", "MSS Need Send", TRUE, "Waiting Approval" )} -> MSS Done Send | R56: 46308 | S56: {=_xlfn.IFS( OR(M56="Cancel", M56="Canceled", M56="Reject", M56="Rejected", K56="Cancel", K56="Canceled", K56="Reject", K56="Rejected", L56="Cancel", L56="Canceled", L56="Reject", L56="Rejected"), "Cancel / Rejected", R56<>"", "KSO Done Send", Q56="MSS Need Send", "MSS Need Send", O56="KSO Need Send", "KSO Need Send", TRUE, "Waiting Approval" )} -> KSO Done Send
A57: PRE-APPROVAL-KLAIM-GARANSI/PMO/IX/2026/0293 | B57: KLB00291 | C57: =_xlfn.XLOOKUP(B57,Engpar!A:A,Engpar!C:C) -> BATU TIGA | D57: =_xlfn.XLOOKUP(B57,Engpar!A:A,Engpar!F:F) -> KALIMANTAN BARAT | E57: =_xlfn.XLOOKUP(B57,Engpar!A:A,Engpar!G:G) -> KAPUAS HULU | F57: =_xlfn.XLOOKUP(B57,Engpar!A:A,Engpar!J:J) -> 0.34076 | G57: =_xlfn.XLOOKUP(B57,Engpar!A:A,Engpar!K:K) -> 112.98254 | H57: =_xlfn.XLOOKUP(A57,Claim!C:C,Claim!I:I) -> BATERAI | I57: =_xlfn.XLOOKUP(A57,Claim!C:C,Claim!J:J) -> 2 | J57: =_xlfn.XLOOKUP(A57,Claim!C:C,Claim!M:M) -> PRE_APPROVAL | K57: =_xlfn.XLOOKUP(A57,Claim!C:C,Claim!O:O) -> Rejected | L57: =_xlfn.XLOOKUP(A57,Claim!C:C,Claim!P:P) -> - | M57: =_xlfn.XLOOKUP(A57,Claim!C:C,Claim!Q:Q) -> - | N57: {=_xlfn.IFS( OR(L57="Cancel", L57="Canceled", L57="Reject", L57="Rejected"), "Cancel / Rejected", AND(OR(J57="Request_Garansi", J57="Perbaikan_Asset"), OR(L57="Approved", L57="PMO Pending")), "MSS Need Send", TRUE, "Waiting Approval" )} -> Waiting Approval | O57: {=_xlfn.IFS( OR(M57="Cancel", M57="Canceled", M57="Reject", M57="Rejected", K57="Cancel", K57="Canceled", K57="Reject", K57="Rejected", L57="Cancel", L57="Canceled", L57="Reject", L57="Rejected"), "Cancel / Rejected", AND(OR(J57="Perbaikan_Asset"), OR(M57="KSO Pending")), "KSO Need Send", TRUE, "Waiting Approval" )} -> Cancel / Rejected | P57: 22/08/2026 | Q57: {=_xlfn.IFS( OR(M57="Cancel", M57="Canceled", M57="Reject", M57="Rejected", K57="Cancel", K57="Canceled", K57="Reject", K57="Rejected", L57="Cancel", L57="Canceled", L57="Reject", L57="Rejected"), "Cancel / Rejected", P57<>"", "MSS Done Send", N57="MSS Need Send", "MSS Need Send", TRUE, "Waiting Approval" )} -> Cancel / Rejected | R57: 46308 | S57: {=_xlfn.IFS( OR(M57="Cancel", M57="Canceled", M57="Reject", M57="Rejected", K57="Cancel", K57="Canceled", K57="Reject", K57="Rejected", L57="Cancel", L57="Canceled", L57="Reject", L57="Rejected"), "Cancel / Rejected", R57<>"", "KSO Done Send", Q57="MSS Need Send", "MSS Need Send", O57="KSO Need Send", "KSO Need Send", TRUE, "Waiting Approval" )} -> Cancel / Rejected
A58: PRE-APPROVAL-KLAIM-GARANSI/PMO/IX/2026/0274 | B58: KLB00528 | C58: =_xlfn.XLOOKUP(B58,Engpar!A:A,Engpar!C:C) -> LANDAU GARONG | D58: =_xlfn.XLOOKUP(B58,Engpar!A:A,Engpar!F:F) -> KALIMANTAN BARAT | E58: =_xlfn.XLOOKUP(B58,Engpar!A:A,Engpar!G:G) -> MELAWI | F58: =_xlfn.XLOOKUP(B58,Engpar!A:A,Engpar!J:J) -> -0.50804 | G58: =_xlfn.XLOOKUP(B58,Engpar!A:A,Engpar!K:K) -> 111.8493 | H58: =_xlfn.XLOOKUP(A58,Claim!C:C,Claim!I:I) -> Solar Charge Controller | I58: =_xlfn.XLOOKUP(A58,Claim!C:C,Claim!J:J) -> 1 | J58: =_xlfn.XLOOKUP(A58,Claim!C:C,Claim!M:M) -> REQUEST_GARANSI | K58: =_xlfn.XLOOKUP(A58,Claim!C:C,Claim!O:O) -> Approved | L58: =_xlfn.XLOOKUP(A58,Claim!C:C,Claim!P:P) -> Canceled | M58: =_xlfn.XLOOKUP(A58,Claim!C:C,Claim!Q:Q) -> - | N58: {=_xlfn.IFS( OR(L58="Cancel", L58="Canceled", L58="Reject", L58="Rejected"), "Cancel / Rejected", AND(OR(J58="Request_Garansi", J58="Perbaikan_Asset"), OR(L58="Approved", L58="PMO Pending")), "MSS Need Send", TRUE, "Waiting Approval" )} -> Cancel / Rejected | O58: {=_xlfn.IFS( OR(M58="Cancel", M58="Canceled", M58="Reject", M58="Rejected", K58="Cancel", K58="Canceled", K58="Reject", K58="Rejected", L58="Cancel", L58="Canceled", L58="Reject", L58="Rejected"), "Cancel / Rejected", AND(OR(J58="Perbaikan_Asset"), OR(M58="KSO Pending")), "KSO Need Send", TRUE, "Waiting Approval" )} -> Cancel / Rejected | Q58: {=_xlfn.IFS( OR(M58="Cancel", M58="Canceled", M58="Reject", M58="Rejected", K58="Cancel", K58="Canceled", K58="Reject", K58="Rejected", L58="Cancel", L58="Canceled", L58="Reject", L58="Rejected"), "Cancel / Rejected", P58<>"", "MSS Done Send", N58="MSS Need Send", "MSS Need Send", TRUE, "Waiting Approval" )} -> Cancel / Rejected | S58: {=_xlfn.IFS( OR(M58="Cancel", M58="Canceled", M58="Reject", M58="Rejected", K58="Cancel", K58="Canceled", K58="Reject", K58="Rejected", L58="Cancel", L58="Canceled", L58="Reject", L58="Rejected"), "Cancel / Rejected", R58<>"", "KSO Done Send", Q58="MSS Need Send", "MSS Need Send", O58="KSO Need Send", "KSO Need Send", TRUE, "Waiting Approval" )} -> Cancel / Rejected
A59: PRE-APPROVAL-KLAIM-GARANSI/PMO/IX/2026/0273 | B59: KLT0018 | C59: =_xlfn.XLOOKUP(B59,Engpar!A:A,Engpar!C:C) -> TUMBANG SUEI | D59: =_xlfn.XLOOKUP(B59,Engpar!A:A,Engpar!F:F) -> KALIMANTAN TENGAH | E59: =_xlfn.XLOOKUP(B59,Engpar!A:A,Engpar!G:G) -> SERUYAN | F59: =_xlfn.XLOOKUP(B59,Engpar!A:A,Engpar!J:J) -> -1.31559 | G59: =_xlfn.XLOOKUP(B59,Engpar!A:A,Engpar!K:K) -> 111.855 | H59: =_xlfn.XLOOKUP(A59,Claim!C:C,Claim!I:I) -> INVERTER 300 W | I59: =_xlfn.XLOOKUP(A59,Claim!C:C,Claim!J:J) -> 1 | J59: =_xlfn.XLOOKUP(A59,Claim!C:C,Claim!M:M) -> PERBAIKAN_ASSET | K59: =_xlfn.XLOOKUP(A59,Claim!C:C,Claim!O:O) -> Approved | L59: =_xlfn.XLOOKUP(A59,Claim!C:C,Claim!P:P) -> Approved | M59: =_xlfn.XLOOKUP(A59,Claim!C:C,Claim!Q:Q) -> MSS Pending Form | N59: {=_xlfn.IFS( OR(L59="Cancel", L59="Canceled", L59="Reject", L59="Rejected"), "Cancel / Rejected", AND(OR(J59="Request_Garansi", J59="Perbaikan_Asset"), OR(L59="Approved", L59="PMO Pending")), "MSS Need Send", TRUE, "Waiting Approval" )} -> MSS Need Send | O59: {=_xlfn.IFS( OR(M59="Cancel", M59="Canceled", M59="Reject", M59="Rejected", K59="Cancel", K59="Canceled", K59="Reject", K59="Rejected", L59="Cancel", L59="Canceled", L59="Reject", L59="Rejected"), "Cancel / Rejected", AND(OR(J59="Perbaikan_Asset"), OR(M59="KSO Pending")), "KSO Need Send", TRUE, "Waiting Approval" )} -> Waiting Approval | P59: 21/08/2026 | Q59: {=_xlfn.IFS( OR(M59="Cancel", M59="Canceled", M59="Reject", M59="Rejected", K59="Cancel", K59="Canceled", K59="Reject", K59="Rejected", L59="Cancel", L59="Canceled", L59="Reject", L59="Rejected"), "Cancel / Rejected", P59<>"", "MSS Done Send", N59="MSS Need Send", "MSS Need Send", TRUE, "Waiting Approval" )} -> MSS Done Send | S59: {=_xlfn.IFS( OR(M59="Cancel", M59="Canceled", M59="Reject", M59="Rejected", K59="Cancel", K59="Canceled", K59="Reject", K59="Rejected", L59="Cancel", L59="Canceled", L59="Reject", L59="Rejected"), "Cancel / Rejected", R59<>"", "KSO Done Send", Q59="MSS Need Send", "MSS Need Send", O59="KSO Need Send", "KSO Need Send", TRUE, "Waiting Approval" )} -> Waiting Approval
A60: PRE-APPROVAL-KLAIM-GARANSI/PMO/IX/2026/0271 | B60: KLT0018 | C60: =_xlfn.XLOOKUP(B60,Engpar!A:A,Engpar!C:C) -> TUMBANG SUEI | D60: =_xlfn.XLOOKUP(B60,Engpar!A:A,Engpar!F:F) -> KALIMANTAN TENGAH | E60: =_xlfn.XLOOKUP(B60,Engpar!A:A,Engpar!G:G) -> SERUYAN | F60: =_xlfn.XLOOKUP(B60,Engpar!A:A,Engpar!J:J) -> -1.31559 | G60: =_xlfn.XLOOKUP(B60,Engpar!A:A,Engpar!K:K) -> 111.855 | H60: =_xlfn.XLOOKUP(A60,Claim!C:C,Claim!I:I) -> BATERAI | I60: =_xlfn.XLOOKUP(A60,Claim!C:C,Claim!J:J) -> 1 | J60: =_xlfn.XLOOKUP(A60,Claim!C:C,Claim!M:M) -> PERBAIKAN_ASSET | K60: =_xlfn.XLOOKUP(A60,Claim!C:C,Claim!O:O) -> Approved | L60: =_xlfn.XLOOKUP(A60,Claim!C:C,Claim!P:P) -> Approved | M60: =_xlfn.XLOOKUP(A60,Claim!C:C,Claim!Q:Q) -> MSS Pending Form | N60: {=_xlfn.IFS( OR(L60="Cancel", L60="Canceled", L60="Reject", L60="Rejected"), "Cancel / Rejected", AND(OR(J60="Request_Garansi", J60="Perbaikan_Asset"), OR(L60="Approved", L60="PMO Pending")), "MSS Need Send", TRUE, "Waiting Approval" )} -> MSS Need Send | O60: {=_xlfn.IFS( OR(M60="Cancel", M60="Canceled", M60="Reject", M60="Rejected", K60="Cancel", K60="Canceled", K60="Reject", K60="Rejected", L60="Cancel", L60="Canceled", L60="Reject", L60="Rejected"), "Cancel / Rejected", AND(OR(J60="Perbaikan_Asset"), OR(M60="KSO Pending")), "KSO Need Send", TRUE, "Waiting Approval" )} -> Waiting Approval | P60: 22/08/2026 | Q60: {=_xlfn.IFS( OR(M60="Cancel", M60="Canceled", M60="Reject", M60="Rejected", K60="Cancel", K60="Canceled", K60="Reject", K60="Rejected", L60="Cancel", L60="Canceled", L60="Reject", L60="Rejected"), "Cancel / Rejected", P60<>"", "MSS Done Send", N60="MSS Need Send", "MSS Need Send", TRUE, "Waiting Approval" )} -> MSS Done Send | S60: {=_xlfn.IFS( OR(M60="Cancel", M60="Canceled", M60="Reject", M60="Rejected", K60="Cancel", K60="Canceled", K60="Reject", K60="Rejected", L60="Cancel", L60="Canceled", L60="Reject", L60="Rejected"), "Cancel / Rejected", R60<>"", "KSO Done Send", Q60="MSS Need Send", "MSS Need Send", O60="KSO Need Send", "KSO Need Send", TRUE, "Waiting Approval" )} -> Waiting Approval
A61: PRE-APPROVAL-KLAIM-GARANSI/PMO/IX/2026/0270 | B61: KLI00037 | C61: =_xlfn.XLOOKUP(B61,Engpar!A:A,Engpar!C:C) -> MARUKANGAN | D61: =_xlfn.XLOOKUP(B61,Engpar!A:A,Engpar!F:F) -> KALIMANTAN TIMUR | E61: =_xlfn.XLOOKUP(B61,Engpar!A:A,Engpar!G:G) -> KUTAI TIMUR | F61: =_xlfn.XLOOKUP(B61,Engpar!A:A,Engpar!J:J) -> 0.86653 | G61: =_xlfn.XLOOKUP(B61,Engpar!A:A,Engpar!K:K) -> 118.32862 | H61: =_xlfn.XLOOKUP(A61,Claim!C:C,Claim!I:I) -> BUC | I61: =_xlfn.XLOOKUP(A61,Claim!C:C,Claim!J:J) -> 1 | J61: =_xlfn.XLOOKUP(A61,Claim!C:C,Claim!M:M) -> PERBAIKAN_ASSET | K61: =_xlfn.XLOOKUP(A61,Claim!C:C,Claim!O:O) -> Approved | L61: =_xlfn.XLOOKUP(A61,Claim!C:C,Claim!P:P) -> Approved | M61: =_xlfn.XLOOKUP(A61,Claim!C:C,Claim!Q:Q) -> MSS Pending Form | N61: {=_xlfn.IFS( OR(L61="Cancel", L61="Canceled", L61="Reject", L61="Rejected"), "Cancel / Rejected", AND(OR(J61="Request_Garansi", J61="Perbaikan_Asset"), OR(L61="Approved", L61="PMO Pending")), "MSS Need Send", TRUE, "Waiting Approval" )} -> MSS Need Send | O61: {=_xlfn.IFS( OR(M61="Cancel", M61="Canceled", M61="Reject", M61="Rejected", K61="Cancel", K61="Canceled", K61="Reject", K61="Rejected", L61="Cancel", L61="Canceled", L61="Reject", L61="Rejected"), "Cancel / Rejected", AND(OR(J61="Perbaikan_Asset"), OR(M61="KSO Pending")), "KSO Need Send", TRUE, "Waiting Approval" )} -> Waiting Approval | Q61: {=_xlfn.IFS( OR(M61="Cancel", M61="Canceled", M61="Reject", M61="Rejected", K61="Cancel", K61="Canceled", K61="Reject", K61="Rejected", L61="Cancel", L61="Canceled", L61="Reject", L61="Rejected"), "Cancel / Rejected", P61<>"", "MSS Done Send", N61="MSS Need Send", "MSS Need Send", TRUE, "Waiting Approval" )} -> MSS Need Send | S61: {=_xlfn.IFS( OR(M61="Cancel", M61="Canceled", M61="Reject", M61="Rejected", K61="Cancel", K61="Canceled", K61="Reject", K61="Rejected", L61="Cancel", L61="Canceled", L61="Reject", L61="Rejected"), "Cancel / Rejected", R61<>"", "KSO Done Send", Q61="MSS Need Send", "MSS Need Send", O61="KSO Need Send", "KSO Need Send", TRUE, "Waiting Approval" )} -> MSS Need Send
A62: PRE-APPROVAL-KLAIM-GARANSI/PMO/IX/2026/0264 | B62: KLT00042 | C62: =_xlfn.XLOOKUP(B62,Engpar!A:A,Engpar!C:C) -> RANTAU BAHAI | D62: =_xlfn.XLOOKUP(B62,Engpar!A:A,Engpar!F:F) -> KALIMANTAN TENGAH | E62: =_xlfn.XLOOKUP(B62,Engpar!A:A,Engpar!G:G) -> KATINGAN | F62: =_xlfn.XLOOKUP(B62,Engpar!A:A,Engpar!J:J) -> -1.05784 | G62: =_xlfn.XLOOKUP(B62,Engpar!A:A,Engpar!K:K) -> 112.43424 | H62: =_xlfn.XLOOKUP(A62,Claim!C:C,Claim!I:I) -> BATERAI | I62: =_xlfn.XLOOKUP(A62,Claim!C:C,Claim!J:J) -> 2 | J62: =_xlfn.XLOOKUP(A62,Claim!C:C,Claim!M:M) -> PRE_APPROVAL | K62: =_xlfn.XLOOKUP(A62,Claim!C:C,Claim!O:O) -> Rejected | L62: =_xlfn.XLOOKUP(A62,Claim!C:C,Claim!P:P) -> - | M62: =_xlfn.XLOOKUP(A62,Claim!C:C,Claim!Q:Q) -> - | N62: {=_xlfn.IFS( OR(L62="Cancel", L62="Canceled", L62="Reject", L62="Rejected"), "Cancel / Rejected", AND(OR(J62="Request_Garansi", J62="Perbaikan_Asset"), OR(L62="Approved", L62="PMO Pending")), "MSS Need Send", TRUE, "Waiting Approval" )} -> Waiting Approval | O62: {=_xlfn.IFS( OR(M62="Cancel", M62="Canceled", M62="Reject", M62="Rejected", K62="Cancel", K62="Canceled", K62="Reject", K62="Rejected", L62="Cancel", L62="Canceled", L62="Reject", L62="Rejected"), "Cancel / Rejected", AND(OR(J62="Perbaikan_Asset"), OR(M62="KSO Pending")), "KSO Need Send", TRUE, "Waiting Approval" )} -> Cancel / Rejected | Q62: {=_xlfn.IFS( OR(M62="Cancel", M62="Canceled", M62="Reject", M62="Rejected", K62="Cancel", K62="Canceled", K62="Reject", K62="Rejected", L62="Cancel", L62="Canceled", L62="Reject", L62="Rejected"), "Cancel / Rejected", P62<>"", "MSS Done Send", N62="MSS Need Send", "MSS Need Send", TRUE, "Waiting Approval" )} -> Cancel / Rejected | S62: {=_xlfn.IFS( OR(M62="Cancel", M62="Canceled", M62="Reject", M62="Rejected", K62="Cancel", K62="Canceled", K62="Reject", K62="Rejected", L62="Cancel", L62="Canceled", L62="Reject", L62="Rejected"), "Cancel / Rejected", R62<>"", "KSO Done Send", Q62="MSS Need Send", "MSS Need Send", O62="KSO Need Send", "KSO Need Send", TRUE, "Waiting Approval" )} -> Cancel / Rejected
A63: PRE-APPROVAL-KLAIM-GARANSI/PMO/IX/2026/0255 | B63: KLT00045 | C63: =_xlfn.XLOOKUP(B63,Engpar!A:A,Engpar!C:C) -> TUMBANG MANGARA | D63: =_xlfn.XLOOKUP(B63,Engpar!A:A,Engpar!F:F) -> KALIMANTAN TENGAH | E63: =_xlfn.XLOOKUP(B63,Engpar!A:A,Engpar!G:G) -> KATINGAN | F63: =_xlfn.XLOOKUP(B63,Engpar!A:A,Engpar!J:J) -> -1.0914 | G63: =_xlfn.XLOOKUP(B63,Engpar!A:A,Engpar!K:K) -> 113.22205 | H63: =_xlfn.XLOOKUP(A63,Claim!C:C,Claim!I:I) -> BATERAI | I63: =_xlfn.XLOOKUP(A63,Claim!C:C,Claim!J:J) -> 3 | J63: =_xlfn.XLOOKUP(A63,Claim!C:C,Claim!M:M) -> PERBAIKAN_ASSET | K63: =_xlfn.XLOOKUP(A63,Claim!C:C,Claim!O:O) -> Approved | L63: =_xlfn.XLOOKUP(A63,Claim!C:C,Claim!P:P) -> Approved | M63: =_xlfn.XLOOKUP(A63,Claim!C:C,Claim!Q:Q) -> MSS Pending Form | N63: {=_xlfn.IFS( OR(L63="Cancel", L63="Canceled", L63="Reject", L63="Rejected"), "Cancel / Rejected", AND(OR(J63="Request_Garansi", J63="Perbaikan_Asset"), OR(L63="Approved", L63="PMO Pending")), "MSS Need Send", TRUE, "Waiting Approval" )} -> MSS Need Send | O63: {=_xlfn.IFS( OR(M63="Cancel", M63="Canceled", M63="Reject", M63="Rejected", K63="Cancel", K63="Canceled", K63="Reject", K63="Rejected", L63="Cancel", L63="Canceled", L63="Reject", L63="Rejected"), "Cancel / Rejected", AND(OR(J63="Perbaikan_Asset"), OR(M63="KSO Pending")), "KSO Need Send", TRUE, "Waiting Approval" )} -> Waiting Approval | Q63: {=_xlfn.IFS( OR(M63="Cancel", M63="Canceled", M63="Reject", M63="Rejected", K63="Cancel", K63="Canceled", K63="Reject", K63="Rejected", L63="Cancel", L63="Canceled", L63="Reject", L63="Rejected"), "Cancel / Rejected", P63<>"", "MSS Done Send", N63="MSS Need Send", "MSS Need Send", TRUE, "Waiting Approval" )} -> MSS Need Send | S63: {=_xlfn.IFS( OR(M63="Cancel", M63="Canceled", M63="Reject", M63="Rejected", K63="Cancel", K63="Canceled", K63="Reject", K63="Rejected", L63="Cancel", L63="Canceled", L63="Reject", L63="Rejected"), "Cancel / Rejected", R63<>"", "KSO Done Send", Q63="MSS Need Send", "MSS Need Send", O63="KSO Need Send", "KSO Need Send", TRUE, "Waiting Approval" )} -> MSS Need Send
A64: PRE-APPROVAL-KLAIM-GARANSI/PMO/IX/2026/0227 | B64: KLT00055 | C64: =_xlfn.XLOOKUP(B64,Engpar!A:A,Engpar!C:C) -> SEI NANJAN | D64: =_xlfn.XLOOKUP(B64,Engpar!A:A,Engpar!F:F) -> KALIMANTAN TENGAH | E64: =_xlfn.XLOOKUP(B64,Engpar!A:A,Engpar!G:G) -> KATINGAN | F64: =_xlfn.XLOOKUP(B64,Engpar!A:A,Engpar!J:J) -> -1.09905 | G64: =_xlfn.XLOOKUP(B64,Engpar!A:A,Engpar!K:K) -> 112.41753 | H64: =_xlfn.XLOOKUP(A64,Claim!C:C,Claim!I:I) -> BATERAI | I64: =_xlfn.XLOOKUP(A64,Claim!C:C,Claim!J:J) -> 1 | J64: =_xlfn.XLOOKUP(A64,Claim!C:C,Claim!M:M) -> PERBAIKAN_ASSET | K64: =_xlfn.XLOOKUP(A64,Claim!C:C,Claim!O:O) -> Approved | L64: =_xlfn.XLOOKUP(A64,Claim!C:C,Claim!P:P) -> Approved | M64: =_xlfn.XLOOKUP(A64,Claim!C:C,Claim!Q:Q) -> MSS Pending Form | N64: {=_xlfn.IFS( OR(L64="Cancel", L64="Canceled", L64="Reject", L64="Rejected"), "Cancel / Rejected", AND(OR(J64="Request_Garansi", J64="Perbaikan_Asset"), OR(L64="Approved", L64="PMO Pending")), "MSS Need Send", TRUE, "Waiting Approval" )} -> MSS Need Send | O64: {=_xlfn.IFS( OR(M64="Cancel", M64="Canceled", M64="Reject", M64="Rejected", K64="Cancel", K64="Canceled", K64="Reject", K64="Rejected", L64="Cancel", L64="Canceled", L64="Reject", L64="Rejected"), "Cancel / Rejected", AND(OR(J64="Perbaikan_Asset"), OR(M64="KSO Pending")), "KSO Need Send", TRUE, "Waiting Approval" )} -> Waiting Approval | Q64: {=_xlfn.IFS( OR(M64="Cancel", M64="Canceled", M64="Reject", M64="Rejected", K64="Cancel", K64="Canceled", K64="Reject", K64="Rejected", L64="Cancel", L64="Canceled", L64="Reject", L64="Rejected"), "Cancel / Rejected", P64<>"", "MSS Done Send", N64="MSS Need Send", "MSS Need Send", TRUE, "Waiting Approval" )} -> MSS Need Send | S64: {=_xlfn.IFS( OR(M64="Cancel", M64="Canceled", M64="Reject", M64="Rejected", K64="Cancel", K64="Canceled", K64="Reject", K64="Rejected", L64="Cancel", L64="Canceled", L64="Reject", L64="Rejected"), "Cancel / Rejected", R64<>"", "KSO Done Send", Q64="MSS Need Send", "MSS Need Send", O64="KSO Need Send", "KSO Need Send", TRUE, "Waiting Approval" )} -> MSS Need Send
A65: PRE-APPROVAL-KLAIM-GARANSI/PMO/IX/2026/0162 | B65: KLB00171 | C65: =_xlfn.XLOOKUP(B65,Engpar!A:A,Engpar!C:C) -> SEBULUH | D65: =_xlfn.XLOOKUP(B65,Engpar!A:A,Engpar!F:F) -> KALIMANTAN BARAT | E65: =_xlfn.XLOOKUP(B65,Engpar!A:A,Engpar!G:G) -> SINTANG | F65: =_xlfn.XLOOKUP(B65,Engpar!A:A,Engpar!J:J) -> 0.94313 | G65: =_xlfn.XLOOKUP(B65,Engpar!A:A,Engpar!K:K) -> 111.09341 | H65: =_xlfn.XLOOKUP(A65,Claim!C:C,Claim!I:I) -> MODEM | I65: =_xlfn.XLOOKUP(A65,Claim!C:C,Claim!J:J) -> 1 | J65: =_xlfn.XLOOKUP(A65,Claim!C:C,Claim!M:M) -> PRE_APPROVAL | K65: =_xlfn.XLOOKUP(A65,Claim!C:C,Claim!O:O) -> Rejected | L65: =_xlfn.XLOOKUP(A65,Claim!C:C,Claim!P:P) -> - | M65: =_xlfn.XLOOKUP(A65,Claim!C:C,Claim!Q:Q) -> - | N65: {=_xlfn.IFS( OR(L65="Cancel", L65="Canceled", L65="Reject", L65="Rejected"), "Cancel / Rejected", AND(OR(J65="Request_Garansi", J65="Perbaikan_Asset"), OR(L65="Approved", L65="PMO Pending")), "MSS Need Send", TRUE, "Waiting Approval" )} -> Waiting Approval | O65: {=_xlfn.IFS( OR(M65="Cancel", M65="Canceled", M65="Reject", M65="Rejected", K65="Cancel", K65="Canceled", K65="Reject", K65="Rejected", L65="Cancel", L65="Canceled", L65="Reject", L65="Rejected"), "Cancel / Rejected", AND(OR(J65="Perbaikan_Asset"), OR(M65="KSO Pending")), "KSO Need Send", TRUE, "Waiting Approval" )} -> Cancel / Rejected | Q65: {=_xlfn.IFS( OR(M65="Cancel", M65="Canceled", M65="Reject", M65="Rejected", K65="Cancel", K65="Canceled", K65="Reject", K65="Rejected", L65="Cancel", L65="Canceled", L65="Reject", L65="Rejected"), "Cancel / Rejected", P65<>"", "MSS Done Send", N65="MSS Need Send", "MSS Need Send", TRUE, "Waiting Approval" )} -> Cancel / Rejected | S65: {=_xlfn.IFS( OR(M65="Cancel", M65="Canceled", M65="Reject", M65="Rejected", K65="Cancel", K65="Canceled", K65="Reject", K65="Rejected", L65="Cancel", L65="Canceled", L65="Reject", L65="Rejected"), "Cancel / Rejected", R65<>"", "KSO Done Send", Q65="MSS Need Send", "MSS Need Send", O65="KSO Need Send", "KSO Need Send", TRUE, "Waiting Approval" )} -> Cancel / Rejected
A66: PRE-APPROVAL-KLAIM-GARANSI/PMO/IX/2026/0153 | B66: KLB00601 | C66: =_xlfn.XLOOKUP(B66,Engpar!A:A,Engpar!C:C) -> TAPAKNG | D66: =_xlfn.XLOOKUP(B66,Engpar!A:A,Engpar!F:F) -> KALIMANTAN BARAT | E66: =_xlfn.XLOOKUP(B66,Engpar!A:A,Engpar!G:G) -> LANDAK | F66: =_xlfn.XLOOKUP(B66,Engpar!A:A,Engpar!J:J) -> 0.50274 | G66: =_xlfn.XLOOKUP(B66,Engpar!A:A,Engpar!K:K) -> 109.54523 | H66: =_xlfn.XLOOKUP(A66,Claim!C:C,Claim!I:I) -> Battery | I66: =_xlfn.XLOOKUP(A66,Claim!C:C,Claim!J:J) -> 1 | J66: =_xlfn.XLOOKUP(A66,Claim!C:C,Claim!M:M) -> PRE_APPROVAL | K66: =_xlfn.XLOOKUP(A66,Claim!C:C,Claim!O:O) -> Rejected | L66: =_xlfn.XLOOKUP(A66,Claim!C:C,Claim!P:P) -> - | M66: =_xlfn.XLOOKUP(A66,Claim!C:C,Claim!Q:Q) -> - | N66: {=_xlfn.IFS( OR(L66="Cancel", L66="Canceled", L66="Reject", L66="Rejected"), "Cancel / Rejected", AND(OR(J66="Request_Garansi", J66="Perbaikan_Asset"), OR(L66="Approved", L66="PMO Pending")), "MSS Need Send", TRUE, "Waiting Approval" )} -> Waiting Approval | O66: {=_xlfn.IFS( OR(M66="Cancel", M66="Canceled", M66="Reject", M66="Rejected", K66="Cancel", K66="Canceled", K66="Reject", K66="Rejected", L66="Cancel", L66="Canceled", L66="Reject", L66="Rejected"), "Cancel / Rejected", AND(OR(J66="Perbaikan_Asset"), OR(M66="KSO Pending")), "KSO Need Send", TRUE, "Waiting Approval" )} -> Cancel / Rejected | Q66: {=_xlfn.IFS( OR(M66="Cancel", M66="Canceled", M66="Reject", M66="Rejected", K66="Cancel", K66="Canceled", K66="Reject", K66="Rejected", L66="Cancel", L66="Canceled", L66="Reject", L66="Rejected"), "Cancel / Rejected", P66<>"", "MSS Done Send", N66="MSS Need Send", "MSS Need Send", TRUE, "Waiting Approval" )} -> Cancel / Rejected | S66: {=_xlfn.IFS( OR(M66="Cancel", M66="Canceled", M66="Reject", M66="Rejected", K66="Cancel", K66="Canceled", K66="Reject", K66="Rejected", L66="Cancel", L66="Canceled", L66="Reject", L66="Rejected"), "Cancel / Rejected", R66<>"", "KSO Done Send", Q66="MSS Need Send", "MSS Need Send", O66="KSO Need Send", "KSO Need Send", TRUE, "Waiting Approval" )} -> Cancel / Rejected
A67: PRE-APPROVAL-KLAIM-GARANSI/PMO/IX/2026/0152 | B67: KLB00532 | C67: =_xlfn.XLOOKUP(B67,Engpar!A:A,Engpar!C:C) -> NYANGGAI | D67: =_xlfn.XLOOKUP(B67,Engpar!A:A,Engpar!F:F) -> KALIMANTAN BARAT | E67: =_xlfn.XLOOKUP(B67,Engpar!A:A,Engpar!G:G) -> MELAWI | F67: =_xlfn.XLOOKUP(B67,Engpar!A:A,Engpar!J:J) -> -0.52663 | G67: =_xlfn.XLOOKUP(B67,Engpar!A:A,Engpar!K:K) -> 111.8817 | H67: =_xlfn.XLOOKUP(A67,Claim!C:C,Claim!I:I) -> SNMP Monitoring | I67: =_xlfn.XLOOKUP(A67,Claim!C:C,Claim!J:J) -> 1 | J67: =_xlfn.XLOOKUP(A67,Claim!C:C,Claim!M:M) -> REQUEST_GARANSI | K67: =_xlfn.XLOOKUP(A67,Claim!C:C,Claim!O:O) -> Approved | L67: =_xlfn.XLOOKUP(A67,Claim!C:C,Claim!P:P) -> Approved | M67: =_xlfn.XLOOKUP(A67,Claim!C:C,Claim!Q:Q) -> MSS Pending Form | N67: {=_xlfn.IFS( OR(L67="Cancel", L67="Canceled", L67="Reject", L67="Rejected"), "Cancel / Rejected", AND(OR(J67="Request_Garansi", J67="Perbaikan_Asset"), OR(L67="Approved", L67="PMO Pending")), "MSS Need Send", TRUE, "Waiting Approval" )} -> MSS Need Send | O67: {=_xlfn.IFS( OR(M67="Cancel", M67="Canceled", M67="Reject", M67="Rejected", K67="Cancel", K67="Canceled", K67="Reject", K67="Rejected", L67="Cancel", L67="Canceled", L67="Reject", L67="Rejected"), "Cancel / Rejected", AND(OR(J67="Perbaikan_Asset"), OR(M67="KSO Pending")), "KSO Need Send", TRUE, "Waiting Approval" )} -> Waiting Approval | Q67: {=_xlfn.IFS( OR(M67="Cancel", M67="Canceled", M67="Reject", M67="Rejected", K67="Cancel", K67="Canceled", K67="Reject", K67="Rejected", L67="Cancel", L67="Canceled", L67="Reject", L67="Rejected"), "Cancel / Rejected", P67<>"", "MSS Done Send", N67="MSS Need Send", "MSS Need Send", TRUE, "Waiting Approval" )} -> MSS Need Send | S67: {=_xlfn.IFS( OR(M67="Cancel", M67="Canceled", M67="Reject", M67="Rejected", K67="Cancel", K67="Canceled", K67="Reject", K67="Rejected", L67="Cancel", L67="Canceled", L67="Reject", L67="Rejected"), "Cancel / Rejected", R67<>"", "KSO Done Send", Q67="MSS Need Send", "MSS Need Send", O67="KSO Need Send", "KSO Need Send", TRUE, "Waiting Approval" )} -> MSS Need Send
A68: PRE-APPROVAL-KLAIM-GARANSI/PMO/IX/2026/0151 | B68: KLB00332 | C68: =_xlfn.XLOOKUP(B68,Engpar!A:A,Engpar!C:C) -> TINTIN PENINJAU | D68: =_xlfn.XLOOKUP(B68,Engpar!A:A,Engpar!F:F) -> KALIMANTAN BARAT | E68: =_xlfn.XLOOKUP(B68,Engpar!A:A,Engpar!G:G) -> KAPUAS HULU | F68: =_xlfn.XLOOKUP(B68,Engpar!A:A,Engpar!J:J) -> 0.88585 | G68: =_xlfn.XLOOKUP(B68,Engpar!A:A,Engpar!K:K) -> 111.82314 | H68: =_xlfn.XLOOKUP(A68,Claim!C:C,Claim!I:I) -> BATERAI | I68: =_xlfn.XLOOKUP(A68,Claim!C:C,Claim!J:J) -> 2 | J68: =_xlfn.XLOOKUP(A68,Claim!C:C,Claim!M:M) -> REQUEST_GARANSI | K68: =_xlfn.XLOOKUP(A68,Claim!C:C,Claim!O:O) -> Approved | L68: =_xlfn.XLOOKUP(A68,Claim!C:C,Claim!P:P) -> Approved | M68: =_xlfn.XLOOKUP(A68,Claim!C:C,Claim!Q:Q) -> MSS Pending Form | N68: {=_xlfn.IFS( OR(L68="Cancel", L68="Canceled", L68="Reject", L68="Rejected"), "Cancel / Rejected", AND(OR(J68="Request_Garansi", J68="Perbaikan_Asset"), OR(L68="Approved", L68="PMO Pending")), "MSS Need Send", TRUE, "Waiting Approval" )} -> MSS Need Send | O68: {=_xlfn.IFS( OR(M68="Cancel", M68="Canceled", M68="Reject", M68="Rejected", K68="Cancel", K68="Canceled", K68="Reject", K68="Rejected", L68="Cancel", L68="Canceled", L68="Reject", L68="Rejected"), "Cancel / Rejected", AND(OR(J68="Perbaikan_Asset"), OR(M68="KSO Pending")), "KSO Need Send", TRUE, "Waiting Approval" )} -> Waiting Approval | Q68: {=_xlfn.IFS( OR(M68="Cancel", M68="Canceled", M68="Reject", M68="Rejected", K68="Cancel", K68="Canceled", K68="Reject", K68="Rejected", L68="Cancel", L68="Canceled", L68="Reject", L68="Rejected"), "Cancel / Rejected", P68<>"", "MSS Done Send", N68="MSS Need Send", "MSS Need Send", TRUE, "Waiting Approval" )} -> MSS Need Send | S68: {=_xlfn.IFS( OR(M68="Cancel", M68="Canceled", M68="Reject", M68="Rejected", K68="Cancel", K68="Canceled", K68="Reject", K68="Rejected", L68="Cancel", L68="Canceled", L68="Reject", L68="Rejected"), "Cancel / Rejected", R68<>"", "KSO Done Send", Q68="MSS Need Send", "MSS Need Send", O68="KSO Need Send", "KSO Need Send", TRUE, "Waiting Approval" )} -> MSS Need Send
A69: PRE-APPROVAL-KLAIM-GARANSI/PMO/IX/2026/0150 | B69: KLB00112 | C69: =_xlfn.XLOOKUP(B69,Engpar!A:A,Engpar!C:C) -> RIAM BATU | D69: =_xlfn.XLOOKUP(B69,Engpar!A:A,Engpar!F:F) -> KALIMANTAN BARAT | E69: =_xlfn.XLOOKUP(B69,Engpar!A:A,Engpar!G:G) -> SINTANG | F69: =_xlfn.XLOOKUP(B69,Engpar!A:A,Engpar!J:J) -> -0.37742 | G69: =_xlfn.XLOOKUP(B69,Engpar!A:A,Engpar!K:K) -> 111.32027 | H69: =_xlfn.XLOOKUP(A69,Claim!C:C,Claim!I:I) -> SNMP Monitoring | I69: =_xlfn.XLOOKUP(A69,Claim!C:C,Claim!J:J) -> 1 | J69: =_xlfn.XLOOKUP(A69,Claim!C:C,Claim!M:M) -> PRE_APPROVAL | K69: =_xlfn.XLOOKUP(A69,Claim!C:C,Claim!O:O) -> Rejected | L69: =_xlfn.XLOOKUP(A69,Claim!C:C,Claim!P:P) -> - | M69: =_xlfn.XLOOKUP(A69,Claim!C:C,Claim!Q:Q) -> - | N69: {=_xlfn.IFS( OR(L69="Cancel", L69="Canceled", L69="Reject", L69="Rejected"), "Cancel / Rejected", AND(OR(J69="Request_Garansi", J69="Perbaikan_Asset"), OR(L69="Approved", L69="PMO Pending")), "MSS Need Send", TRUE, "Waiting Approval" )} -> Waiting Approval | O69: {=_xlfn.IFS( OR(M69="Cancel", M69="Canceled", M69="Reject", M69="Rejected", K69="Cancel", K69="Canceled", K69="Reject", K69="Rejected", L69="Cancel", L69="Canceled", L69="Reject", L69="Rejected"), "Cancel / Rejected", AND(OR(J69="Perbaikan_Asset"), OR(M69="KSO Pending")), "KSO Need Send", TRUE, "Waiting Approval" )} -> Cancel / Rejected | Q69: {=_xlfn.IFS( OR(M69="Cancel", M69="Canceled", M69="Reject", M69="Rejected", K69="Cancel", K69="Canceled", K69="Reject", K69="Rejected", L69="Cancel", L69="Canceled", L69="Reject", L69="Rejected"), "Cancel / Rejected", P69<>"", "MSS Done Send", N69="MSS Need Send", "MSS Need Send", TRUE, "Waiting Approval" )} -> Cancel / Rejected | S69: {=_xlfn.IFS( OR(M69="Cancel", M69="Canceled", M69="Reject", M69="Rejected", K69="Cancel", K69="Canceled", K69="Reject", K69="Rejected", L69="Cancel", L69="Canceled", L69="Reject", L69="Rejected"), "Cancel / Rejected", R69<>"", "KSO Done Send", Q69="MSS Need Send", "MSS Need Send", O69="KSO Need Send", "KSO Need Send", TRUE, "Waiting Approval" )} -> Cancel / Rejected
A70: PRE-APPROVAL-KLAIM-GARANSI/PMO/IX/2026/0149 | B70: KLB00332 | C70: =_xlfn.XLOOKUP(B70,Engpar!A:A,Engpar!C:C) -> TINTIN PENINJAU | D70: =_xlfn.XLOOKUP(B70,Engpar!A:A,Engpar!F:F) -> KALIMANTAN BARAT | E70: =_xlfn.XLOOKUP(B70,Engpar!A:A,Engpar!G:G) -> KAPUAS HULU | F70: =_xlfn.XLOOKUP(B70,Engpar!A:A,Engpar!J:J) -> 0.88585 | G70: =_xlfn.XLOOKUP(B70,Engpar!A:A,Engpar!K:K) -> 111.82314 | H70: =_xlfn.XLOOKUP(A70,Claim!C:C,Claim!I:I) -> INVERTER 300 W | I70: =_xlfn.XLOOKUP(A70,Claim!C:C,Claim!J:J) -> 1 | J70: =_xlfn.XLOOKUP(A70,Claim!C:C,Claim!M:M) -> REQUEST_GARANSI | K70: =_xlfn.XLOOKUP(A70,Claim!C:C,Claim!O:O) -> Approved | L70: =_xlfn.XLOOKUP(A70,Claim!C:C,Claim!P:P) -> Approved | M70: =_xlfn.XLOOKUP(A70,Claim!C:C,Claim!Q:Q) -> MSS Pending Form | N70: {=_xlfn.IFS( OR(L70="Cancel", L70="Canceled", L70="Reject", L70="Rejected"), "Cancel / Rejected", AND(OR(J70="Request_Garansi", J70="Perbaikan_Asset"), OR(L70="Approved", L70="PMO Pending")), "MSS Need Send", TRUE, "Waiting Approval" )} -> MSS Need Send | O70: {=_xlfn.IFS( OR(M70="Cancel", M70="Canceled", M70="Reject", M70="Rejected", K70="Cancel", K70="Canceled", K70="Reject", K70="Rejected", L70="Cancel", L70="Canceled", L70="Reject", L70="Rejected"), "Cancel / Rejected", AND(OR(J70="Perbaikan_Asset"), OR(M70="KSO Pending")), "KSO Need Send", TRUE, "Waiting Approval" )} -> Waiting Approval | P70: 17/09/2026 | Q70: {=_xlfn.IFS( OR(M70="Cancel", M70="Canceled", M70="Reject", M70="Rejected", K70="Cancel", K70="Canceled", K70="Reject", K70="Rejected", L70="Cancel", L70="Canceled", L70="Reject", L70="Rejected"), "Cancel / Rejected", P70<>"", "MSS Done Send", N70="MSS Need Send", "MSS Need Send", TRUE, "Waiting Approval" )} -> MSS Done Send | S70: {=_xlfn.IFS( OR(M70="Cancel", M70="Canceled", M70="Reject", M70="Rejected", K70="Cancel", K70="Canceled", K70="Reject", K70="Rejected", L70="Cancel", L70="Canceled", L70="Reject", L70="Rejected"), "Cancel / Rejected", R70<>"", "KSO Done Send", Q70="MSS Need Send", "MSS Need Send", O70="KSO Need Send", "KSO Need Send", TRUE, "Waiting Approval" )} -> Waiting Approval
A71: PRE-APPROVAL-KLAIM-GARANSI/PMO/IX/2026/0123 | B71: KLB00528 | C71: =_xlfn.XLOOKUP(B71,Engpar!A:A,Engpar!C:C) -> LANDAU GARONG | D71: =_xlfn.XLOOKUP(B71,Engpar!A:A,Engpar!F:F) -> KALIMANTAN BARAT | E71: =_xlfn.XLOOKUP(B71,Engpar!A:A,Engpar!G:G) -> MELAWI | F71: =_xlfn.XLOOKUP(B71,Engpar!A:A,Engpar!J:J) -> -0.50804 | G71: =_xlfn.XLOOKUP(B71,Engpar!A:A,Engpar!K:K) -> 111.8493 | H71: =_xlfn.XLOOKUP(A71,Claim!C:C,Claim!I:I) -> Solar Charge Controller | I71: =_xlfn.XLOOKUP(A71,Claim!C:C,Claim!J:J) -> 1 | J71: =_xlfn.XLOOKUP(A71,Claim!C:C,Claim!M:M) -> PERBAIKAN_ASSET | K71: =_xlfn.XLOOKUP(A71,Claim!C:C,Claim!O:O) -> Approved | L71: =_xlfn.XLOOKUP(A71,Claim!C:C,Claim!P:P) -> Approved | M71: =_xlfn.XLOOKUP(A71,Claim!C:C,Claim!Q:Q) -> KSO Pending | N71: {=_xlfn.IFS( OR(L71="Cancel", L71="Canceled", L71="Reject", L71="Rejected"), "Cancel / Rejected", AND(OR(J71="Request_Garansi", J71="Perbaikan_Asset"), OR(L71="Approved", L71="PMO Pending")), "MSS Need Send", TRUE, "Waiting Approval" )} -> MSS Need Send | O71: {=_xlfn.IFS( OR(M71="Cancel", M71="Canceled", M71="Reject", M71="Rejected", K71="Cancel", K71="Canceled", K71="Reject", K71="Rejected", L71="Cancel", L71="Canceled", L71="Reject", L71="Rejected"), "Cancel / Rejected", AND(OR(J71="Perbaikan_Asset"), OR(M71="KSO Pending")), "KSO Need Send", TRUE, "Waiting Approval" )} -> KSO Need Send | P71: 25/09/2026 | Q71: {=_xlfn.IFS( OR(M71="Cancel", M71="Canceled", M71="Reject", M71="Rejected", K71="Cancel", K71="Canceled", K71="Reject", K71="Rejected", L71="Cancel", L71="Canceled", L71="Reject", L71="Rejected"), "Cancel / Rejected", P71<>"", "MSS Done Send", N71="MSS Need Send", "MSS Need Send", TRUE, "Waiting Approval" )} -> MSS Done Send | S71: {=_xlfn.IFS( OR(M71="Cancel", M71="Canceled", M71="Reject", M71="Rejected", K71="Cancel", K71="Canceled", K71="Reject", K71="Rejected", L71="Cancel", L71="Canceled", L71="Reject", L71="Rejected"), "Cancel / Rejected", R71<>"", "KSO Done Send", Q71="MSS Need Send", "MSS Need Send", O71="KSO Need Send", "KSO Need Send", TRUE, "Waiting Approval" )} -> KSO Need Send
A72: PRE-APPROVAL-KLAIM-GARANSI/PMO/IX/2026/0112 | B72: KLB00684 | C72: =_xlfn.XLOOKUP(B72,Engpar!A:A,Engpar!C:C) -> SUNGAI RISAP MENSIKU BERSATU | D72: =_xlfn.XLOOKUP(B72,Engpar!A:A,Engpar!F:F) -> KALIMANTAN BARAT | E72: =_xlfn.XLOOKUP(B72,Engpar!A:A,Engpar!G:G) -> SINTANG | F72: =_xlfn.XLOOKUP(B72,Engpar!A:A,Engpar!J:J) -> 0.2453 | G72: =_xlfn.XLOOKUP(B72,Engpar!A:A,Engpar!K:K) -> 111.43951 | H72: =_xlfn.XLOOKUP(A72,Claim!C:C,Claim!I:I) -> INVERTER 300 W | I72: =_xlfn.XLOOKUP(A72,Claim!C:C,Claim!J:J) -> 1 | J72: =_xlfn.XLOOKUP(A72,Claim!C:C,Claim!M:M) -> PRE_APPROVAL | K72: =_xlfn.XLOOKUP(A72,Claim!C:C,Claim!O:O) -> Rejected | L72: =_xlfn.XLOOKUP(A72,Claim!C:C,Claim!P:P) -> - | M72: =_xlfn.XLOOKUP(A72,Claim!C:C,Claim!Q:Q) -> - | N72: {=_xlfn.IFS( OR(L72="Cancel", L72="Canceled", L72="Reject", L72="Rejected"), "Cancel / Rejected", AND(OR(J72="Request_Garansi", J72="Perbaikan_Asset"), OR(L72="Approved", L72="PMO Pending")), "MSS Need Send", TRUE, "Waiting Approval" )} -> Waiting Approval | O72: {=_xlfn.IFS( OR(M72="Cancel", M72="Canceled", M72="Reject", M72="Rejected", K72="Cancel", K72="Canceled", K72="Reject", K72="Rejected", L72="Cancel", L72="Canceled", L72="Reject", L72="Rejected"), "Cancel / Rejected", AND(OR(J72="Perbaikan_Asset"), OR(M72="KSO Pending")), "KSO Need Send", TRUE, "Waiting Approval" )} -> Cancel / Rejected | Q72: {=_xlfn.IFS( OR(M72="Cancel", M72="Canceled", M72="Reject", M72="Rejected", K72="Cancel", K72="Canceled", K72="Reject", K72="Rejected", L72="Cancel", L72="Canceled", L72="Reject", L72="Rejected"), "Cancel / Rejected", P72<>"", "MSS Done Send", N72="MSS Need Send", "MSS Need Send", TRUE, "Waiting Approval" )} -> Cancel / Rejected | S72: {=_xlfn.IFS( OR(M72="Cancel", M72="Canceled", M72="Reject", M72="Rejected", K72="Cancel", K72="Canceled", K72="Reject", K72="Rejected", L72="Cancel", L72="Canceled", L72="Reject", L72="Rejected"), "Cancel / Rejected", R72<>"", "KSO Done Send", Q72="MSS Need Send", "MSS Need Send", O72="KSO Need Send", "KSO Need Send", TRUE, "Waiting Approval" )} -> Cancel / Rejected
A73: PRE-APPROVAL-KLAIM-GARANSI/PMO/IX/2026/0088 | B73: KLT00061 | C73: =_xlfn.XLOOKUP(B73,Engpar!A:A,Engpar!C:C) -> TUMBANG SALUANG | D73: =_xlfn.XLOOKUP(B73,Engpar!A:A,Engpar!F:F) -> KALIMANTAN TENGAH | E73: =_xlfn.XLOOKUP(B73,Engpar!A:A,Engpar!G:G) -> KOTAWARINGIN TIMUR | F73: =_xlfn.XLOOKUP(B73,Engpar!A:A,Engpar!J:J) -> -1.5667 | G73: =_xlfn.XLOOKUP(B73,Engpar!A:A,Engpar!K:K) -> 112.2635 | H73: =_xlfn.XLOOKUP(A73,Claim!C:C,Claim!I:I) -> SWITCH/ROUTER | I73: =_xlfn.XLOOKUP(A73,Claim!C:C,Claim!J:J) -> 1 | J73: =_xlfn.XLOOKUP(A73,Claim!C:C,Claim!M:M) -> PERBAIKAN_ASSET | K73: =_xlfn.XLOOKUP(A73,Claim!C:C,Claim!O:O) -> Approved | L73: =_xlfn.XLOOKUP(A73,Claim!C:C,Claim!P:P) -> Approved | M73: =_xlfn.XLOOKUP(A73,Claim!C:C,Claim!Q:Q) -> KSO Pending | N73: {=_xlfn.IFS( OR(L73="Cancel", L73="Canceled", L73="Reject", L73="Rejected"), "Cancel / Rejected", AND(OR(J73="Request_Garansi", J73="Perbaikan_Asset"), OR(L73="Approved", L73="PMO Pending")), "MSS Need Send", TRUE, "Waiting Approval" )} -> MSS Need Send | O73: {=_xlfn.IFS( OR(M73="Cancel", M73="Canceled", M73="Reject", M73="Rejected", K73="Cancel", K73="Canceled", K73="Reject", K73="Rejected", L73="Cancel", L73="Canceled", L73="Reject", L73="Rejected"), "Cancel / Rejected", AND(OR(J73="Perbaikan_Asset"), OR(M73="KSO Pending")), "KSO Need Send", TRUE, "Waiting Approval" )} -> KSO Need Send | Q73: {=_xlfn.IFS( OR(M73="Cancel", M73="Canceled", M73="Reject", M73="Rejected", K73="Cancel", K73="Canceled", K73="Reject", K73="Rejected", L73="Cancel", L73="Canceled", L73="Reject", L73="Rejected"), "Cancel / Rejected", P73<>"", "MSS Done Send", N73="MSS Need Send", "MSS Need Send", TRUE, "Waiting Approval" )} -> MSS Need Send | S73: {=_xlfn.IFS( OR(M73="Cancel", M73="Canceled", M73="Reject", M73="Rejected", K73="Cancel", K73="Canceled", K73="Reject", K73="Rejected", L73="Cancel", L73="Canceled", L73="Reject", L73="Rejected"), "Cancel / Rejected", R73<>"", "KSO Done Send", Q73="MSS Need Send", "MSS Need Send", O73="KSO Need Send", "KSO Need Send", TRUE, "Waiting Approval" )} -> MSS Need Send
A74: PRE-APPROVAL-KLAIM-GARANSI/PMO/IX/2026/0087 | B74: KLT00052 | C74: =_xlfn.XLOOKUP(B74,Engpar!A:A,Engpar!C:C) -> RANTAU PUKA | D74: =_xlfn.XLOOKUP(B74,Engpar!A:A,Engpar!F:F) -> KALIMANTAN TENGAH | E74: =_xlfn.XLOOKUP(B74,Engpar!A:A,Engpar!G:G) -> KATINGAN | F74: =_xlfn.XLOOKUP(B74,Engpar!A:A,Engpar!J:J) -> -1.01657 | G74: =_xlfn.XLOOKUP(B74,Engpar!A:A,Engpar!K:K) -> 112.43726 | H74: =_xlfn.XLOOKUP(A74,Claim!C:C,Claim!I:I) -> MODEM | I74: =_xlfn.XLOOKUP(A74,Claim!C:C,Claim!J:J) -> 1 | J74: =_xlfn.XLOOKUP(A74,Claim!C:C,Claim!M:M) -> PRE_APPROVAL | K74: =_xlfn.XLOOKUP(A74,Claim!C:C,Claim!O:O) -> Rejected | L74: =_xlfn.XLOOKUP(A74,Claim!C:C,Claim!P:P) -> - | M74: =_xlfn.XLOOKUP(A74,Claim!C:C,Claim!Q:Q) -> - | N74: {=_xlfn.IFS( OR(L74="Cancel", L74="Canceled", L74="Reject", L74="Rejected"), "Cancel / Rejected", AND(OR(J74="Request_Garansi", J74="Perbaikan_Asset"), OR(L74="Approved", L74="PMO Pending")), "MSS Need Send", TRUE, "Waiting Approval" )} -> Waiting Approval | O74: {=_xlfn.IFS( OR(M74="Cancel", M74="Canceled", M74="Reject", M74="Rejected", K74="Cancel", K74="Canceled", K74="Reject", K74="Rejected", L74="Cancel", L74="Canceled", L74="Reject", L74="Rejected"), "Cancel / Rejected", AND(OR(J74="Perbaikan_Asset"), OR(M74="KSO Pending")), "KSO Need Send", TRUE, "Waiting Approval" )} -> Cancel / Rejected | P74: 17/09/2026 | Q74: {=_xlfn.IFS( OR(M74="Cancel", M74="Canceled", M74="Reject", M74="Rejected", K74="Cancel", K74="Canceled", K74="Reject", K74="Rejected", L74="Cancel", L74="Canceled", L74="Reject", L74="Rejected"), "Cancel / Rejected", P74<>"", "MSS Done Send", N74="MSS Need Send", "MSS Need Send", TRUE, "Waiting Approval" )} -> Cancel / Rejected | S74: {=_xlfn.IFS( OR(M74="Cancel", M74="Canceled", M74="Reject", M74="Rejected", K74="Cancel", K74="Canceled", K74="Reject", K74="Rejected", L74="Cancel", L74="Canceled", L74="Reject", L74="Rejected"), "Cancel / Rejected", R74<>"", "KSO Done Send", Q74="MSS Need Send", "MSS Need Send", O74="KSO Need Send", "KSO Need Send", TRUE, "Waiting Approval" )} -> Cancel / Rejected
A75: PRE-APPROVAL-KLAIM-GARANSI/PMO/IX/2026/0086 | B75: KLT00067 | C75: =_xlfn.XLOOKUP(B75,Engpar!A:A,Engpar!C:C) -> SEPOYU | D75: =_xlfn.XLOOKUP(B75,Engpar!A:A,Engpar!F:F) -> KALIMANTAN TENGAH | E75: =_xlfn.XLOOKUP(B75,Engpar!A:A,Engpar!G:G) -> LAMANDAU | F75: =_xlfn.XLOOKUP(B75,Engpar!A:A,Engpar!J:J) -> -1.69542 | G75: =_xlfn.XLOOKUP(B75,Engpar!A:A,Engpar!K:K) -> 111.10114 | H75: =_xlfn.XLOOKUP(A75,Claim!C:C,Claim!I:I) -> MODEM | I75: =_xlfn.XLOOKUP(A75,Claim!C:C,Claim!J:J) -> 1 | J75: =_xlfn.XLOOKUP(A75,Claim!C:C,Claim!M:M) -> PRE_APPROVAL | K75: =_xlfn.XLOOKUP(A75,Claim!C:C,Claim!O:O) -> Rejected | L75: =_xlfn.XLOOKUP(A75,Claim!C:C,Claim!P:P) -> - | M75: =_xlfn.XLOOKUP(A75,Claim!C:C,Claim!Q:Q) -> - | N75: {=_xlfn.IFS( OR(L75="Cancel", L75="Canceled", L75="Reject", L75="Rejected"), "Cancel / Rejected", AND(OR(J75="Request_Garansi", J75="Perbaikan_Asset"), OR(L75="Approved", L75="PMO Pending")), "MSS Need Send", TRUE, "Waiting Approval" )} -> Waiting Approval | O75: {=_xlfn.IFS( OR(M75="Cancel", M75="Canceled", M75="Reject", M75="Rejected", K75="Cancel", K75="Canceled", K75="Reject", K75="Rejected", L75="Cancel", L75="Canceled", L75="Reject", L75="Rejected"), "Cancel / Rejected", AND(OR(J75="Perbaikan_Asset"), OR(M75="KSO Pending")), "KSO Need Send", TRUE, "Waiting Approval" )} -> Cancel / Rejected | P75: 25/09/2026 | Q75: {=_xlfn.IFS( OR(M75="Cancel", M75="Canceled", M75="Reject", M75="Rejected", K75="Cancel", K75="Canceled", K75="Reject", K75="Rejected", L75="Cancel", L75="Canceled", L75="Reject", L75="Rejected"), "Cancel / Rejected", P75<>"", "MSS Done Send", N75="MSS Need Send", "MSS Need Send", TRUE, "Waiting Approval" )} -> Cancel / Rejected | S75: {=_xlfn.IFS( OR(M75="Cancel", M75="Canceled", M75="Reject", M75="Rejected", K75="Cancel", K75="Canceled", K75="Reject", K75="Rejected", L75="Cancel", L75="Canceled", L75="Reject", L75="Rejected"), "Cancel / Rejected", R75<>"", "KSO Done Send", Q75="MSS Need Send", "MSS Need Send", O75="KSO Need Send", "KSO Need Send", TRUE, "Waiting Approval" )} -> Cancel / Rejected
A76: PRE-APPROVAL-KLAIM-GARANSI/PMO/VIII/2026/0174 | B76: KLT00061 | C76: =_xlfn.XLOOKUP(B76,Engpar!A:A,Engpar!C:C) -> TUMBANG SALUANG | D76: =_xlfn.XLOOKUP(B76,Engpar!A:A,Engpar!F:F) -> KALIMANTAN TENGAH | E76: =_xlfn.XLOOKUP(B76,Engpar!A:A,Engpar!G:G) -> KOTAWARINGIN TIMUR | F76: =_xlfn.XLOOKUP(B76,Engpar!A:A,Engpar!J:J) -> -1.5667 | G76: =_xlfn.XLOOKUP(B76,Engpar!A:A,Engpar!K:K) -> 112.2635 | H76: =_xlfn.XLOOKUP(A76,Claim!C:C,Claim!I:I) -> SWITCH/ROUTER | I76: =_xlfn.XLOOKUP(A76,Claim!C:C,Claim!J:J) -> 1 | J76: =_xlfn.XLOOKUP(A76,Claim!C:C,Claim!M:M) -> PRE_APPROVAL | K76: =_xlfn.XLOOKUP(A76,Claim!C:C,Claim!O:O) -> Rejected | L76: =_xlfn.XLOOKUP(A76,Claim!C:C,Claim!P:P) -> - | M76: =_xlfn.XLOOKUP(A76,Claim!C:C,Claim!Q:Q) -> - | N76: {=_xlfn.IFS( OR(L76="Cancel", L76="Canceled", L76="Reject", L76="Rejected"), "Cancel / Rejected", AND(OR(J76="Request_Garansi", J76="Perbaikan_Asset"), OR(L76="Approved", L76="PMO Pending")), "MSS Need Send", TRUE, "Waiting Approval" )} -> Waiting Approval | O76: {=_xlfn.IFS( OR(M76="Cancel", M76="Canceled", M76="Reject", M76="Rejected", K76="Cancel", K76="Canceled", K76="Reject", K76="Rejected", L76="Cancel", L76="Canceled", L76="Reject", L76="Rejected"), "Cancel / Rejected", AND(OR(J76="Perbaikan_Asset"), OR(M76="KSO Pending")), "KSO Need Send", TRUE, "Waiting Approval" )} -> Cancel / Rejected | Q76: {=_xlfn.IFS( OR(M76="Cancel", M76="Canceled", M76="Reject", M76="Rejected", K76="Cancel", K76="Canceled", K76="Reject", K76="Rejected", L76="Cancel", L76="Canceled", L76="Reject", L76="Rejected"), "Cancel / Rejected", P76<>"", "MSS Done Send", N76="MSS Need Send", "MSS Need Send", TRUE, "Waiting Approval" )} -> Cancel / Rejected | S76: {=_xlfn.IFS( OR(M76="Cancel", M76="Canceled", M76="Reject", M76="Rejected", K76="Cancel", K76="Canceled", K76="Reject", K76="Rejected", L76="Cancel", L76="Canceled", L76="Reject", L76="Rejected"), "Cancel / Rejected", R76<>"", "KSO Done Send", Q76="MSS Need Send", "MSS Need Send", O76="KSO Need Send", "KSO Need Send", TRUE, "Waiting Approval" )} -> Cancel / Rejected
A77: PRE-APPROVAL-KLAIM-GARANSI/PMO/VIII/2026/0173 | B77: KLU00116 | C77: =_xlfn.XLOOKUP(B77,Engpar!A:A,Engpar!C:C) -> LANGGASON | D77: =_xlfn.XLOOKUP(B77,Engpar!A:A,Engpar!F:F) -> KALIMANTAN UTARA | E77: =_xlfn.XLOOKUP(B77,Engpar!A:A,Engpar!G:G) -> NUNUKAN | F77: =_xlfn.XLOOKUP(B77,Engpar!A:A,Engpar!J:J) -> 4.28149 | G77: =_xlfn.XLOOKUP(B77,Engpar!A:A,Engpar!K:K) -> 116.26572 | H77: =_xlfn.XLOOKUP(A77,Claim!C:C,Claim!I:I) -> BUC | I77: =_xlfn.XLOOKUP(A77,Claim!C:C,Claim!J:J) -> 1 | J77: =_xlfn.XLOOKUP(A77,Claim!C:C,Claim!M:M) -> PERBAIKAN_ASSET | K77: =_xlfn.XLOOKUP(A77,Claim!C:C,Claim!O:O) -> Approved | L77: =_xlfn.XLOOKUP(A77,Claim!C:C,Claim!P:P) -> Approved | M77: =_xlfn.XLOOKUP(A77,Claim!C:C,Claim!Q:Q) -> KSO Pending | N77: {=_xlfn.IFS( OR(L77="Cancel", L77="Canceled", L77="Reject", L77="Rejected"), "Cancel / Rejected", AND(OR(J77="Request_Garansi", J77="Perbaikan_Asset"), OR(L77="Approved", L77="PMO Pending")), "MSS Need Send", TRUE, "Waiting Approval" )} -> MSS Need Send | O77: {=_xlfn.IFS( OR(M77="Cancel", M77="Canceled", M77="Reject", M77="Rejected", K77="Cancel", K77="Canceled", K77="Reject", K77="Rejected", L77="Cancel", L77="Canceled", L77="Reject", L77="Rejected"), "Cancel / Rejected", AND(OR(J77="Perbaikan_Asset"), OR(M77="KSO Pending")), "KSO Need Send", TRUE, "Waiting Approval" )} -> KSO Need Send | Q77: {=_xlfn.IFS( OR(M77="Cancel", M77="Canceled", M77="Reject", M77="Rejected", K77="Cancel", K77="Canceled", K77="Reject", K77="Rejected", L77="Cancel", L77="Canceled", L77="Reject", L77="Rejected"), "Cancel / Rejected", P77<>"", "MSS Done Send", N77="MSS Need Send", "MSS Need Send", TRUE, "Waiting Approval" )} -> MSS Need Send | S77: {=_xlfn.IFS( OR(M77="Cancel", M77="Canceled", M77="Reject", M77="Rejected", K77="Cancel", K77="Canceled", K77="Reject", K77="Rejected", L77="Cancel", L77="Canceled", L77="Reject", L77="Rejected"), "Cancel / Rejected", R77<>"", "KSO Done Send", Q77="MSS Need Send", "MSS Need Send", O77="KSO Need Send", "KSO Need Send", TRUE, "Waiting Approval" )} -> MSS Need Send
A78: PRE-APPROVAL-KLAIM-GARANSI/PMO/VIII/2026/0168 | B78: KLT00052 | C78: =_xlfn.XLOOKUP(B78,Engpar!A:A,Engpar!C:C) -> RANTAU PUKA | D78: =_xlfn.XLOOKUP(B78,Engpar!A:A,Engpar!F:F) -> KALIMANTAN TENGAH | E78: =_xlfn.XLOOKUP(B78,Engpar!A:A,Engpar!G:G) -> KATINGAN | F78: =_xlfn.XLOOKUP(B78,Engpar!A:A,Engpar!J:J) -> -1.01657 | G78: =_xlfn.XLOOKUP(B78,Engpar!A:A,Engpar!K:K) -> 112.43726 | H78: =_xlfn.XLOOKUP(A78,Claim!C:C,Claim!I:I) -> MODEM | I78: =_xlfn.XLOOKUP(A78,Claim!C:C,Claim!J:J) -> 1 | J78: =_xlfn.XLOOKUP(A78,Claim!C:C,Claim!M:M) -> PRE_APPROVAL | K78: =_xlfn.XLOOKUP(A78,Claim!C:C,Claim!O:O) -> Rejected | L78: =_xlfn.XLOOKUP(A78,Claim!C:C,Claim!P:P) -> - | M78: =_xlfn.XLOOKUP(A78,Claim!C:C,Claim!Q:Q) -> - | N78: {=_xlfn.IFS( OR(L78="Cancel", L78="Canceled", L78="Reject", L78="Rejected"), "Cancel / Rejected", AND(OR(J78="Request_Garansi", J78="Perbaikan_Asset"), OR(L78="Approved", L78="PMO Pending")), "MSS Need Send", TRUE, "Waiting Approval" )} -> Waiting Approval | O78: {=_xlfn.IFS( OR(M78="Cancel", M78="Canceled", M78="Reject", M78="Rejected", K78="Cancel", K78="Canceled", K78="Reject", K78="Rejected", L78="Cancel", L78="Canceled", L78="Reject", L78="Rejected"), "Cancel / Rejected", AND(OR(J78="Perbaikan_Asset"), OR(M78="KSO Pending")), "KSO Need Send", TRUE, "Waiting Approval" )} -> Cancel / Rejected | Q78: {=_xlfn.IFS( OR(M78="Cancel", M78="Canceled", M78="Reject", M78="Rejected", K78="Cancel", K78="Canceled", K78="Reject", K78="Rejected", L78="Cancel", L78="Canceled", L78="Reject", L78="Rejected"), "Cancel / Rejected", P78<>"", "MSS Done Send", N78="MSS Need Send", "MSS Need Send", TRUE, "Waiting Approval" )} -> Cancel / Rejected | S78: {=_xlfn.IFS( OR(M78="Cancel", M78="Canceled", M78="Reject", M78="Rejected", K78="Cancel", K78="Canceled", K78="Reject", K78="Rejected", L78="Cancel", L78="Canceled", L78="Reject", L78="Rejected"), "Cancel / Rejected", R78<>"", "KSO Done Send", Q78="MSS Need Send", "MSS Need Send", O78="KSO Need Send", "KSO Need Send", TRUE, "Waiting Approval" )} -> Cancel / Rejected
A79: PRE-APPROVAL-KLAIM-GARANSI/PMO/VIII/2026/0167 | B79: KLT00067 | C79: =_xlfn.XLOOKUP(B79,Engpar!A:A,Engpar!C:C) -> SEPOYU | D79: =_xlfn.XLOOKUP(B79,Engpar!A:A,Engpar!F:F) -> KALIMANTAN TENGAH | E79: =_xlfn.XLOOKUP(B79,Engpar!A:A,Engpar!G:G) -> LAMANDAU | F79: =_xlfn.XLOOKUP(B79,Engpar!A:A,Engpar!J:J) -> -1.69542 | G79: =_xlfn.XLOOKUP(B79,Engpar!A:A,Engpar!K:K) -> 111.10114 | H79: =_xlfn.XLOOKUP(A79,Claim!C:C,Claim!I:I) -> MODEM | I79: =_xlfn.XLOOKUP(A79,Claim!C:C,Claim!J:J) -> 1 | J79: =_xlfn.XLOOKUP(A79,Claim!C:C,Claim!M:M) -> PRE_APPROVAL | K79: =_xlfn.XLOOKUP(A79,Claim!C:C,Claim!O:O) -> Rejected | L79: =_xlfn.XLOOKUP(A79,Claim!C:C,Claim!P:P) -> - | M79: =_xlfn.XLOOKUP(A79,Claim!C:C,Claim!Q:Q) -> - | N79: {=_xlfn.IFS( OR(L79="Cancel", L79="Canceled", L79="Reject", L79="Rejected"), "Cancel / Rejected", AND(OR(J79="Request_Garansi", J79="Perbaikan_Asset"), OR(L79="Approved", L79="PMO Pending")), "MSS Need Send", TRUE, "Waiting Approval" )} -> Waiting Approval | O79: {=_xlfn.IFS( OR(M79="Cancel", M79="Canceled", M79="Reject", M79="Rejected", K79="Cancel", K79="Canceled", K79="Reject", K79="Rejected", L79="Cancel", L79="Canceled", L79="Reject", L79="Rejected"), "Cancel / Rejected", AND(OR(J79="Perbaikan_Asset"), OR(M79="KSO Pending")), "KSO Need Send", TRUE, "Waiting Approval" )} -> Cancel / Rejected | P79: 21/08/2026 | Q79: {=_xlfn.IFS( OR(M79="Cancel", M79="Canceled", M79="Reject", M79="Rejected", K79="Cancel", K79="Canceled", K79="Reject", K79="Rejected", L79="Cancel", L79="Canceled", L79="Reject", L79="Rejected"), "Cancel / Rejected", P79<>"", "MSS Done Send", N79="MSS Need Send", "MSS Need Send", TRUE, "Waiting Approval" )} -> Cancel / Rejected | S79: {=_xlfn.IFS( OR(M79="Cancel", M79="Canceled", M79="Reject", M79="Rejected", K79="Cancel", K79="Canceled", K79="Reject", K79="Rejected", L79="Cancel", L79="Canceled", L79="Reject", L79="Rejected"), "Cancel / Rejected", R79<>"", "KSO Done Send", Q79="MSS Need Send", "MSS Need Send", O79="KSO Need Send", "KSO Need Send", TRUE, "Waiting Approval" )} -> Cancel / Rejected
A80: PRE-APPROVAL-KLAIM-GARANSI/PMO/VIII/2026/0131 | B80: KLB00684 | C80: =_xlfn.XLOOKUP(B80,Engpar!A:A,Engpar!C:C) -> SUNGAI RISAP MENSIKU BERSATU | D80: =_xlfn.XLOOKUP(B80,Engpar!A:A,Engpar!F:F) -> KALIMANTAN BARAT | E80: =_xlfn.XLOOKUP(B80,Engpar!A:A,Engpar!G:G) -> SINTANG | F80: =_xlfn.XLOOKUP(B80,Engpar!A:A,Engpar!J:J) -> 0.2453 | G80: =_xlfn.XLOOKUP(B80,Engpar!A:A,Engpar!K:K) -> 111.43951 | H80: =_xlfn.XLOOKUP(A80,Claim!C:C,Claim!I:I) -> INVERTER 300 W | I80: =_xlfn.XLOOKUP(A80,Claim!C:C,Claim!J:J) -> 1 | J80: =_xlfn.XLOOKUP(A80,Claim!C:C,Claim!M:M) -> PRE_APPROVAL | K80: =_xlfn.XLOOKUP(A80,Claim!C:C,Claim!O:O) -> Rejected | L80: =_xlfn.XLOOKUP(A80,Claim!C:C,Claim!P:P) -> - | M80: =_xlfn.XLOOKUP(A80,Claim!C:C,Claim!Q:Q) -> - | N80: {=_xlfn.IFS( OR(L80="Cancel", L80="Canceled", L80="Reject", L80="Rejected"), "Cancel / Rejected", AND(OR(J80="Request_Garansi", J80="Perbaikan_Asset"), OR(L80="Approved", L80="PMO Pending")), "MSS Need Send", TRUE, "Waiting Approval" )} -> Waiting Approval | O80: {=_xlfn.IFS( OR(M80="Cancel", M80="Canceled", M80="Reject", M80="Rejected", K80="Cancel", K80="Canceled", K80="Reject", K80="Rejected", L80="Cancel", L80="Canceled", L80="Reject", L80="Rejected"), "Cancel / Rejected", AND(OR(J80="Perbaikan_Asset"), OR(M80="KSO Pending")), "KSO Need Send", TRUE, "Waiting Approval" )} -> Cancel / Rejected | P80: 21/08/2026 | Q80: {=_xlfn.IFS( OR(M80="Cancel", M80="Canceled", M80="Reject", M80="Rejected", K80="Cancel", K80="Canceled", K80="Reject", K80="Rejected", L80="Cancel", L80="Canceled", L80="Reject", L80="Rejected"), "Cancel / Rejected", P80<>"", "MSS Done Send", N80="MSS Need Send", "MSS Need Send", TRUE, "Waiting Approval" )} -> Cancel / Rejected | S80: {=_xlfn.IFS( OR(M80="Cancel", M80="Canceled", M80="Reject", M80="Rejected", K80="Cancel", K80="Canceled", K80="Reject", K80="Rejected", L80="Cancel", L80="Canceled", L80="Reject", L80="Rejected"), "Cancel / Rejected", R80<>"", "KSO Done Send", Q80="MSS Need Send", "MSS Need Send", O80="KSO Need Send", "KSO Need Send", TRUE, "Waiting Approval" )} -> Cancel / Rejected
A81: PRE-APPROVAL-KLAIM-GARANSI/PMO/VIII/2026/0108 | B81: KLT00067 | C81: =_xlfn.XLOOKUP(B81,Engpar!A:A,Engpar!C:C) -> SEPOYU | D81: =_xlfn.XLOOKUP(B81,Engpar!A:A,Engpar!F:F) -> KALIMANTAN TENGAH | E81: =_xlfn.XLOOKUP(B81,Engpar!A:A,Engpar!G:G) -> LAMANDAU | F81: =_xlfn.XLOOKUP(B81,Engpar!A:A,Engpar!J:J) -> -1.69542 | G81: =_xlfn.XLOOKUP(B81,Engpar!A:A,Engpar!K:K) -> 111.10114 | H81: =_xlfn.XLOOKUP(A81,Claim!C:C,Claim!I:I) -> BUC | I81: =_xlfn.XLOOKUP(A81,Claim!C:C,Claim!J:J) -> 1 | J81: =_xlfn.XLOOKUP(A81,Claim!C:C,Claim!M:M) -> PERBAIKAN_ASSET | K81: =_xlfn.XLOOKUP(A81,Claim!C:C,Claim!O:O) -> Approved | L81: =_xlfn.XLOOKUP(A81,Claim!C:C,Claim!P:P) -> Approved | M81: =_xlfn.XLOOKUP(A81,Claim!C:C,Claim!Q:Q) -> KSO Pending | N81: {=_xlfn.IFS( OR(L81="Cancel", L81="Canceled", L81="Reject", L81="Rejected"), "Cancel / Rejected", AND(OR(J81="Request_Garansi", J81="Perbaikan_Asset"), OR(L81="Approved", L81="PMO Pending")), "MSS Need Send", TRUE, "Waiting Approval" )} -> MSS Need Send | O81: {=_xlfn.IFS( OR(M81="Cancel", M81="Canceled", M81="Reject", M81="Rejected", K81="Cancel", K81="Canceled", K81="Reject", K81="Rejected", L81="Cancel", L81="Canceled", L81="Reject", L81="Rejected"), "Cancel / Rejected", AND(OR(J81="Perbaikan_Asset"), OR(M81="KSO Pending")), "KSO Need Send", TRUE, "Waiting Approval" )} -> KSO Need Send | Q81: {=_xlfn.IFS( OR(M81="Cancel", M81="Canceled", M81="Reject", M81="Rejected", K81="Cancel", K81="Canceled", K81="Reject", K81="Rejected", L81="Cancel", L81="Canceled", L81="Reject", L81="Rejected"), "Cancel / Rejected", P81<>"", "MSS Done Send", N81="MSS Need Send", "MSS Need Send", TRUE, "Waiting Approval" )} -> MSS Need Send | S81: {=_xlfn.IFS( OR(M81="Cancel", M81="Canceled", M81="Reject", M81="Rejected", K81="Cancel", K81="Canceled", K81="Reject", K81="Rejected", L81="Cancel", L81="Canceled", L81="Reject", L81="Rejected"), "Cancel / Rejected", R81<>"", "KSO Done Send", Q81="MSS Need Send", "MSS Need Send", O81="KSO Need Send", "KSO Need Send", TRUE, "Waiting Approval" )} -> MSS Need Send
A82: PRE-APPROVAL-KLAIM-GARANSI/PMO/VIII/2026/0107 | B82: KLT00061 | C82: =_xlfn.XLOOKUP(B82,Engpar!A:A,Engpar!C:C) -> TUMBANG SALUANG | D82: =_xlfn.XLOOKUP(B82,Engpar!A:A,Engpar!F:F) -> KALIMANTAN TENGAH | E82: =_xlfn.XLOOKUP(B82,Engpar!A:A,Engpar!G:G) -> KOTAWARINGIN TIMUR | F82: =_xlfn.XLOOKUP(B82,Engpar!A:A,Engpar!J:J) -> -1.5667 | G82: =_xlfn.XLOOKUP(B82,Engpar!A:A,Engpar!K:K) -> 112.2635 | H82: =_xlfn.XLOOKUP(A82,Claim!C:C,Claim!I:I) -> SWITCH/ROUTER | I82: =_xlfn.XLOOKUP(A82,Claim!C:C,Claim!J:J) -> 1 | J82: =_xlfn.XLOOKUP(A82,Claim!C:C,Claim!M:M) -> PRE_APPROVAL | K82: =_xlfn.XLOOKUP(A82,Claim!C:C,Claim!O:O) -> Rejected | L82: =_xlfn.XLOOKUP(A82,Claim!C:C,Claim!P:P) -> - | M82: =_xlfn.XLOOKUP(A82,Claim!C:C,Claim!Q:Q) -> - | N82: {=_xlfn.IFS( OR(L82="Cancel", L82="Canceled", L82="Reject", L82="Rejected"), "Cancel / Rejected", AND(OR(J82="Request_Garansi", J82="Perbaikan_Asset"), OR(L82="Approved", L82="PMO Pending")), "MSS Need Send", TRUE, "Waiting Approval" )} -> Waiting Approval | O82: {=_xlfn.IFS( OR(M82="Cancel", M82="Canceled", M82="Reject", M82="Rejected", K82="Cancel", K82="Canceled", K82="Reject", K82="Rejected", L82="Cancel", L82="Canceled", L82="Reject", L82="Rejected"), "Cancel / Rejected", AND(OR(J82="Perbaikan_Asset"), OR(M82="KSO Pending")), "KSO Need Send", TRUE, "Waiting Approval" )} -> Cancel / Rejected | Q82: {=_xlfn.IFS( OR(M82="Cancel", M82="Canceled", M82="Reject", M82="Rejected", K82="Cancel", K82="Canceled", K82="Reject", K82="Rejected", L82="Cancel", L82="Canceled", L82="Reject", L82="Rejected"), "Cancel / Rejected", P82<>"", "MSS Done Send", N82="MSS Need Send", "MSS Need Send", TRUE, "Waiting Approval" )} -> Cancel / Rejected | S82: {=_xlfn.IFS( OR(M82="Cancel", M82="Canceled", M82="Reject", M82="Rejected", K82="Cancel", K82="Canceled", K82="Reject", K82="Rejected", L82="Cancel", L82="Canceled", L82="Reject", L82="Rejected"), "Cancel / Rejected", R82<>"", "KSO Done Send", Q82="MSS Need Send", "MSS Need Send", O82="KSO Need Send", "KSO Need Send", TRUE, "Waiting Approval" )} -> Cancel / Rejected
A83: PRE-APPROVAL-KLAIM-GARANSI/PMO/VIII/2026/0106 | B83: KLU00116 | C83: =_xlfn.XLOOKUP(B83,Engpar!A:A,Engpar!C:C) -> LANGGASON | D83: =_xlfn.XLOOKUP(B83,Engpar!A:A,Engpar!F:F) -> KALIMANTAN UTARA | E83: =_xlfn.XLOOKUP(B83,Engpar!A:A,Engpar!G:G) -> NUNUKAN | F83: =_xlfn.XLOOKUP(B83,Engpar!A:A,Engpar!J:J) -> 4.28149 | G83: =_xlfn.XLOOKUP(B83,Engpar!A:A,Engpar!K:K) -> 116.26572 | H83: =_xlfn.XLOOKUP(A83,Claim!C:C,Claim!I:I) -> LNB | I83: =_xlfn.XLOOKUP(A83,Claim!C:C,Claim!J:J) -> 1 | J83: =_xlfn.XLOOKUP(A83,Claim!C:C,Claim!M:M) -> PERBAIKAN_ASSET | K83: =_xlfn.XLOOKUP(A83,Claim!C:C,Claim!O:O) -> Approved | L83: =_xlfn.XLOOKUP(A83,Claim!C:C,Claim!P:P) -> Approved | M83: =_xlfn.XLOOKUP(A83,Claim!C:C,Claim!Q:Q) -> KSO Pending | N83: {=_xlfn.IFS( OR(L83="Cancel", L83="Canceled", L83="Reject", L83="Rejected"), "Cancel / Rejected", AND(OR(J83="Request_Garansi", J83="Perbaikan_Asset"), OR(L83="Approved", L83="PMO Pending")), "MSS Need Send", TRUE, "Waiting Approval" )} -> MSS Need Send | O83: {=_xlfn.IFS( OR(M83="Cancel", M83="Canceled", M83="Reject", M83="Rejected", K83="Cancel", K83="Canceled", K83="Reject", K83="Rejected", L83="Cancel", L83="Canceled", L83="Reject", L83="Rejected"), "Cancel / Rejected", AND(OR(J83="Perbaikan_Asset"), OR(M83="KSO Pending")), "KSO Need Send", TRUE, "Waiting Approval" )} -> KSO Need Send | P83: 17/09/2026 | Q83: {=_xlfn.IFS( OR(M83="Cancel", M83="Canceled", M83="Reject", M83="Rejected", K83="Cancel", K83="Canceled", K83="Reject", K83="Rejected", L83="Cancel", L83="Canceled", L83="Reject", L83="Rejected"), "Cancel / Rejected", P83<>"", "MSS Done Send", N83="MSS Need Send", "MSS Need Send", TRUE, "Waiting Approval" )} -> MSS Done Send | S83: {=_xlfn.IFS( OR(M83="Cancel", M83="Canceled", M83="Reject", M83="Rejected", K83="Cancel", K83="Canceled", K83="Reject", K83="Rejected", L83="Cancel", L83="Canceled", L83="Reject", L83="Rejected"), "Cancel / Rejected", R83<>"", "KSO Done Send", Q83="MSS Need Send", "MSS Need Send", O83="KSO Need Send", "KSO Need Send", TRUE, "Waiting Approval" )} -> KSO Need Send
A84: PRE-APPROVAL-KLAIM-GARANSI/PMO/VIII/2026/0105 | B84: KLU00116 | C84: =_xlfn.XLOOKUP(B84,Engpar!A:A,Engpar!C:C) -> LANGGASON | D84: =_xlfn.XLOOKUP(B84,Engpar!A:A,Engpar!F:F) -> KALIMANTAN UTARA | E84: =_xlfn.XLOOKUP(B84,Engpar!A:A,Engpar!G:G) -> NUNUKAN | F84: =_xlfn.XLOOKUP(B84,Engpar!A:A,Engpar!J:J) -> 4.28149 | G84: =_xlfn.XLOOKUP(B84,Engpar!A:A,Engpar!K:K) -> 116.26572 | H84: =_xlfn.XLOOKUP(A84,Claim!C:C,Claim!I:I) -> BUC | I84: =_xlfn.XLOOKUP(A84,Claim!C:C,Claim!J:J) -> 1 | J84: =_xlfn.XLOOKUP(A84,Claim!C:C,Claim!M:M) -> PRE_APPROVAL | K84: =_xlfn.XLOOKUP(A84,Claim!C:C,Claim!O:O) -> Rejected | L84: =_xlfn.XLOOKUP(A84,Claim!C:C,Claim!P:P) -> - | M84: =_xlfn.XLOOKUP(A84,Claim!C:C,Claim!Q:Q) -> - | N84: {=_xlfn.IFS( OR(L84="Cancel", L84="Canceled", L84="Reject", L84="Rejected"), "Cancel / Rejected", AND(OR(J84="Request_Garansi", J84="Perbaikan_Asset"), OR(L84="Approved", L84="PMO Pending")), "MSS Need Send", TRUE, "Waiting Approval" )} -> Waiting Approval | O84: {=_xlfn.IFS( OR(M84="Cancel", M84="Canceled", M84="Reject", M84="Rejected", K84="Cancel", K84="Canceled", K84="Reject", K84="Rejected", L84="Cancel", L84="Canceled", L84="Reject", L84="Rejected"), "Cancel / Rejected", AND(OR(J84="Perbaikan_Asset"), OR(M84="KSO Pending")), "KSO Need Send", TRUE, "Waiting Approval" )} -> Cancel / Rejected | Q84: {=_xlfn.IFS( OR(M84="Cancel", M84="Canceled", M84="Reject", M84="Rejected", K84="Cancel", K84="Canceled", K84="Reject", K84="Rejected", L84="Cancel", L84="Canceled", L84="Reject", L84="Rejected"), "Cancel / Rejected", P84<>"", "MSS Done Send", N84="MSS Need Send", "MSS Need Send", TRUE, "Waiting Approval" )} -> Cancel / Rejected | S84: {=_xlfn.IFS( OR(M84="Cancel", M84="Canceled", M84="Reject", M84="Rejected", K84="Cancel", K84="Canceled", K84="Reject", K84="Rejected", L84="Cancel", L84="Canceled", L84="Reject", L84="Rejected"), "Cancel / Rejected", R84<>"", "KSO Done Send", Q84="MSS Need Send", "MSS Need Send", O84="KSO Need Send", "KSO Need Send", TRUE, "Waiting Approval" )} -> Cancel / Rejected
A85: PRE-APPROVAL-KLAIM-GARANSI/PMO/VIII/2026/0104 | B85: KLB00545 | C85: =_xlfn.XLOOKUP(B85,Engpar!A:A,Engpar!C:C) -> TOGAN BARU | D85: =_xlfn.XLOOKUP(B85,Engpar!A:A,Engpar!F:F) -> KALIMANTAN BARAT | E85: =_xlfn.XLOOKUP(B85,Engpar!A:A,Engpar!G:G) -> MELAWI | F85: =_xlfn.XLOOKUP(B85,Engpar!A:A,Engpar!J:J) -> -0.80069 | G85: =_xlfn.XLOOKUP(B85,Engpar!A:A,Engpar!K:K) -> 111.37669 | H85: =_xlfn.XLOOKUP(A85,Claim!C:C,Claim!I:I) -> Battery | I85: =_xlfn.XLOOKUP(A85,Claim!C:C,Claim!J:J) -> 9 | J85: =_xlfn.XLOOKUP(A85,Claim!C:C,Claim!M:M) -> PERBAIKAN_ASSET | K85: =_xlfn.XLOOKUP(A85,Claim!C:C,Claim!O:O) -> Approved | L85: =_xlfn.XLOOKUP(A85,Claim!C:C,Claim!P:P) -> Approved | M85: =_xlfn.XLOOKUP(A85,Claim!C:C,Claim!Q:Q) -> KSO Pending | N85: {=_xlfn.IFS( OR(L85="Cancel", L85="Canceled", L85="Reject", L85="Rejected"), "Cancel / Rejected", AND(OR(J85="Request_Garansi", J85="Perbaikan_Asset"), OR(L85="Approved", L85="PMO Pending")), "MSS Need Send", TRUE, "Waiting Approval" )} -> MSS Need Send | O85: {=_xlfn.IFS( OR(M85="Cancel", M85="Canceled", M85="Reject", M85="Rejected", K85="Cancel", K85="Canceled", K85="Reject", K85="Rejected", L85="Cancel", L85="Canceled", L85="Reject", L85="Rejected"), "Cancel / Rejected", AND(OR(J85="Perbaikan_Asset"), OR(M85="KSO Pending")), "KSO Need Send", TRUE, "Waiting Approval" )} -> KSO Need Send | Q85: {=_xlfn.IFS( OR(M85="Cancel", M85="Canceled", M85="Reject", M85="Rejected", K85="Cancel", K85="Canceled", K85="Reject", K85="Rejected", L85="Cancel", L85="Canceled", L85="Reject", L85="Rejected"), "Cancel / Rejected", P85<>"", "MSS Done Send", N85="MSS Need Send", "MSS Need Send", TRUE, "Waiting Approval" )} -> MSS Need Send | S85: {=_xlfn.IFS( OR(M85="Cancel", M85="Canceled", M85="Reject", M85="Rejected", K85="Cancel", K85="Canceled", K85="Reject", K85="Rejected", L85="Cancel", L85="Canceled", L85="Reject", L85="Rejected"), "Cancel / Rejected", R85<>"", "KSO Done Send", Q85="MSS Need Send", "MSS Need Send", O85="KSO Need Send", "KSO Need Send", TRUE, "Waiting Approval" )} -> MSS Need Send
A86: PRE-APPROVAL-KLAIM-GARANSI/PMO/VIII/2026/0103 | B86: KLT00052 | C86: =_xlfn.XLOOKUP(B86,Engpar!A:A,Engpar!C:C) -> RANTAU PUKA | D86: =_xlfn.XLOOKUP(B86,Engpar!A:A,Engpar!F:F) -> KALIMANTAN TENGAH | E86: =_xlfn.XLOOKUP(B86,Engpar!A:A,Engpar!G:G) -> KATINGAN | F86: =_xlfn.XLOOKUP(B86,Engpar!A:A,Engpar!J:J) -> -1.01657 | G86: =_xlfn.XLOOKUP(B86,Engpar!A:A,Engpar!K:K) -> 112.43726 | H86: =_xlfn.XLOOKUP(A86,Claim!C:C,Claim!I:I) -> OBL LAMP | I86: =_xlfn.XLOOKUP(A86,Claim!C:C,Claim!J:J) -> 1 | J86: =_xlfn.XLOOKUP(A86,Claim!C:C,Claim!M:M) -> PERBAIKAN_ASSET | K86: =_xlfn.XLOOKUP(A86,Claim!C:C,Claim!O:O) -> Approved | L86: =_xlfn.XLOOKUP(A86,Claim!C:C,Claim!P:P) -> Approved | M86: =_xlfn.XLOOKUP(A86,Claim!C:C,Claim!Q:Q) -> KSO Pending | N86: {=_xlfn.IFS( OR(L86="Cancel", L86="Canceled", L86="Reject", L86="Rejected"), "Cancel / Rejected", AND(OR(J86="Request_Garansi", J86="Perbaikan_Asset"), OR(L86="Approved", L86="PMO Pending")), "MSS Need Send", TRUE, "Waiting Approval" )} -> MSS Need Send | O86: {=_xlfn.IFS( OR(M86="Cancel", M86="Canceled", M86="Reject", M86="Rejected", K86="Cancel", K86="Canceled", K86="Reject", K86="Rejected", L86="Cancel", L86="Canceled", L86="Reject", L86="Rejected"), "Cancel / Rejected", AND(OR(J86="Perbaikan_Asset"), OR(M86="KSO Pending")), "KSO Need Send", TRUE, "Waiting Approval" )} -> KSO Need Send | P86: 25/09/2026 | Q86: {=_xlfn.IFS( OR(M86="Cancel", M86="Canceled", M86="Reject", M86="Rejected", K86="Cancel", K86="Canceled", K86="Reject", K86="Rejected", L86="Cancel", L86="Canceled", L86="Reject", L86="Rejected"), "Cancel / Rejected", P86<>"", "MSS Done Send", N86="MSS Need Send", "MSS Need Send", TRUE, "Waiting Approval" )} -> MSS Done Send | S86: {=_xlfn.IFS( OR(M86="Cancel", M86="Canceled", M86="Reject", M86="Rejected", K86="Cancel", K86="Canceled", K86="Reject", K86="Rejected", L86="Cancel", L86="Canceled", L86="Reject", L86="Rejected"), "Cancel / Rejected", R86<>"", "KSO Done Send", Q86="MSS Need Send", "MSS Need Send", O86="KSO Need Send", "KSO Need Send", TRUE, "Waiting Approval" )} -> KSO Need Send
A87: PRE-APPROVAL-KLAIM-GARANSI/PMO/VIII/2026/0102 | B87: KLT00052 | C87: =_xlfn.XLOOKUP(B87,Engpar!A:A,Engpar!C:C) -> RANTAU PUKA | D87: =_xlfn.XLOOKUP(B87,Engpar!A:A,Engpar!F:F) -> KALIMANTAN TENGAH | E87: =_xlfn.XLOOKUP(B87,Engpar!A:A,Engpar!G:G) -> KATINGAN | F87: =_xlfn.XLOOKUP(B87,Engpar!A:A,Engpar!J:J) -> -1.01657 | G87: =_xlfn.XLOOKUP(B87,Engpar!A:A,Engpar!K:K) -> 112.43726 | H87: =_xlfn.XLOOKUP(A87,Claim!C:C,Claim!I:I) -> MODEM | I87: =_xlfn.XLOOKUP(A87,Claim!C:C,Claim!J:J) -> 1 | J87: =_xlfn.XLOOKUP(A87,Claim!C:C,Claim!M:M) -> PRE_APPROVAL | K87: =_xlfn.XLOOKUP(A87,Claim!C:C,Claim!O:O) -> Rejected | L87: =_xlfn.XLOOKUP(A87,Claim!C:C,Claim!P:P) -> - | M87: =_xlfn.XLOOKUP(A87,Claim!C:C,Claim!Q:Q) -> - | N87: {=_xlfn.IFS( OR(L87="Cancel", L87="Canceled", L87="Reject", L87="Rejected"), "Cancel / Rejected", AND(OR(J87="Request_Garansi", J87="Perbaikan_Asset"), OR(L87="Approved", L87="PMO Pending")), "MSS Need Send", TRUE, "Waiting Approval" )} -> Waiting Approval | O87: {=_xlfn.IFS( OR(M87="Cancel", M87="Canceled", M87="Reject", M87="Rejected", K87="Cancel", K87="Canceled", K87="Reject", K87="Rejected", L87="Cancel", L87="Canceled", L87="Reject", L87="Rejected"), "Cancel / Rejected", AND(OR(J87="Perbaikan_Asset"), OR(M87="KSO Pending")), "KSO Need Send", TRUE, "Waiting Approval" )} -> Cancel / Rejected | P87: 25/09/2026 | Q87: {=_xlfn.IFS( OR(M87="Cancel", M87="Canceled", M87="Reject", M87="Rejected", K87="Cancel", K87="Canceled", K87="Reject", K87="Rejected", L87="Cancel", L87="Canceled", L87="Reject", L87="Rejected"), "Cancel / Rejected", P87<>"", "MSS Done Send", N87="MSS Need Send", "MSS Need Send", TRUE, "Waiting Approval" )} -> Cancel / Rejected | S87: {=_xlfn.IFS( OR(M87="Cancel", M87="Canceled", M87="Reject", M87="Rejected", K87="Cancel", K87="Canceled", K87="Reject", K87="Rejected", L87="Cancel", L87="Canceled", L87="Reject", L87="Rejected"), "Cancel / Rejected", R87<>"", "KSO Done Send", Q87="MSS Need Send", "MSS Need Send", O87="KSO Need Send", "KSO Need Send", TRUE, "Waiting Approval" )} -> Cancel / Rejected
A88: PRE-APPROVAL-KLAIM-GARANSI/PMO/VIII/2026/0101 | B88: KLT004 | C88: =_xlfn.XLOOKUP(B88,Engpar!A:A,Engpar!C:C) -> BUKIT BULUH | D88: =_xlfn.XLOOKUP(B88,Engpar!A:A,Engpar!F:F) -> KALIMANTAN TENGAH | E88: =_xlfn.XLOOKUP(B88,Engpar!A:A,Engpar!G:G) -> SERUYAN | F88: =_xlfn.XLOOKUP(B88,Engpar!A:A,Engpar!J:J) -> -1.97021 | G88: =_xlfn.XLOOKUP(B88,Engpar!A:A,Engpar!K:K) -> 112.17123 | H88: =_xlfn.XLOOKUP(A88,Claim!C:C,Claim!I:I) -> BUC | I88: =_xlfn.XLOOKUP(A88,Claim!C:C,Claim!J:J) -> 1 | J88: =_xlfn.XLOOKUP(A88,Claim!C:C,Claim!M:M) -> PERBAIKAN_ASSET | K88: =_xlfn.XLOOKUP(A88,Claim!C:C,Claim!O:O) -> Approved | L88: =_xlfn.XLOOKUP(A88,Claim!C:C,Claim!P:P) -> Approved | M88: =_xlfn.XLOOKUP(A88,Claim!C:C,Claim!Q:Q) -> KSO Pending | N88: {=_xlfn.IFS( OR(L88="Cancel", L88="Canceled", L88="Reject", L88="Rejected"), "Cancel / Rejected", AND(OR(J88="Request_Garansi", J88="Perbaikan_Asset"), OR(L88="Approved", L88="PMO Pending")), "MSS Need Send", TRUE, "Waiting Approval" )} -> MSS Need Send | O88: {=_xlfn.IFS( OR(M88="Cancel", M88="Canceled", M88="Reject", M88="Rejected", K88="Cancel", K88="Canceled", K88="Reject", K88="Rejected", L88="Cancel", L88="Canceled", L88="Reject", L88="Rejected"), "Cancel / Rejected", AND(OR(J88="Perbaikan_Asset"), OR(M88="KSO Pending")), "KSO Need Send", TRUE, "Waiting Approval" )} -> KSO Need Send | Q88: {=_xlfn.IFS( OR(M88="Cancel", M88="Canceled", M88="Reject", M88="Rejected", K88="Cancel", K88="Canceled", K88="Reject", K88="Rejected", L88="Cancel", L88="Canceled", L88="Reject", L88="Rejected"), "Cancel / Rejected", P88<>"", "MSS Done Send", N88="MSS Need Send", "MSS Need Send", TRUE, "Waiting Approval" )} -> MSS Need Send | S88: {=_xlfn.IFS( OR(M88="Cancel", M88="Canceled", M88="Reject", M88="Rejected", K88="Cancel", K88="Canceled", K88="Reject", K88="Rejected", L88="Cancel", L88="Canceled", L88="Reject", L88="Rejected"), "Cancel / Rejected", R88<>"", "KSO Done Send", Q88="MSS Need Send", "MSS Need Send", O88="KSO Need Send", "KSO Need Send", TRUE, "Waiting Approval" )} -> MSS Need Send
A89: PRE-APPROVAL-KLAIM-GARANSI/PMO/VIII/2026/0100 | B89: KLI00037 | C89: =_xlfn.XLOOKUP(B89,Engpar!A:A,Engpar!C:C) -> MARUKANGAN | D89: =_xlfn.XLOOKUP(B89,Engpar!A:A,Engpar!F:F) -> KALIMANTAN TIMUR | E89: =_xlfn.XLOOKUP(B89,Engpar!A:A,Engpar!G:G) -> KUTAI TIMUR | F89: =_xlfn.XLOOKUP(B89,Engpar!A:A,Engpar!J:J) -> 0.86653 | G89: =_xlfn.XLOOKUP(B89,Engpar!A:A,Engpar!K:K) -> 118.32862 | H89: =_xlfn.XLOOKUP(A89,Claim!C:C,Claim!I:I) -> ENCLOSURE POWER & DISTRIBUTION BOARD | I89: =_xlfn.XLOOKUP(A89,Claim!C:C,Claim!J:J) -> 1 | J89: =_xlfn.XLOOKUP(A89,Claim!C:C,Claim!M:M) -> PRE_APPROVAL | K89: =_xlfn.XLOOKUP(A89,Claim!C:C,Claim!O:O) -> Rejected | L89: =_xlfn.XLOOKUP(A89,Claim!C:C,Claim!P:P) -> - | M89: =_xlfn.XLOOKUP(A89,Claim!C:C,Claim!Q:Q) -> - | N89: {=_xlfn.IFS( OR(L89="Cancel", L89="Canceled", L89="Reject", L89="Rejected"), "Cancel / Rejected", AND(OR(J89="Request_Garansi", J89="Perbaikan_Asset"), OR(L89="Approved", L89="PMO Pending")), "MSS Need Send", TRUE, "Waiting Approval" )} -> Waiting Approval | O89: {=_xlfn.IFS( OR(M89="Cancel", M89="Canceled", M89="Reject", M89="Rejected", K89="Cancel", K89="Canceled", K89="Reject", K89="Rejected", L89="Cancel", L89="Canceled", L89="Reject", L89="Rejected"), "Cancel / Rejected", AND(OR(J89="Perbaikan_Asset"), OR(M89="KSO Pending")), "KSO Need Send", TRUE, "Waiting Approval" )} -> Cancel / Rejected | Q89: {=_xlfn.IFS( OR(M89="Cancel", M89="Canceled", M89="Reject", M89="Rejected", K89="Cancel", K89="Canceled", K89="Reject", K89="Rejected", L89="Cancel", L89="Canceled", L89="Reject", L89="Rejected"), "Cancel / Rejected", P89<>"", "MSS Done Send", N89="MSS Need Send", "MSS Need Send", TRUE, "Waiting Approval" )} -> Cancel / Rejected | S89: {=_xlfn.IFS( OR(M89="Cancel", M89="Canceled", M89="Reject", M89="Rejected", K89="Cancel", K89="Canceled", K89="Reject", K89="Rejected", L89="Cancel", L89="Canceled", L89="Reject", L89="Rejected"), "Cancel / Rejected", R89<>"", "KSO Done Send", Q89="MSS Need Send", "MSS Need Send", O89="KSO Need Send", "KSO Need Send", TRUE, "Waiting Approval" )} -> Cancel / Rejected
A90: PRE-APPROVAL-KLAIM-GARANSI/PMO/VIII/2026/0099 | B90: KLT00067 | C90: =_xlfn.XLOOKUP(B90,Engpar!A:A,Engpar!C:C) -> SEPOYU | D90: =_xlfn.XLOOKUP(B90,Engpar!A:A,Engpar!F:F) -> KALIMANTAN TENGAH | E90: =_xlfn.XLOOKUP(B90,Engpar!A:A,Engpar!G:G) -> LAMANDAU | F90: =_xlfn.XLOOKUP(B90,Engpar!A:A,Engpar!J:J) -> -1.69542 | G90: =_xlfn.XLOOKUP(B90,Engpar!A:A,Engpar!K:K) -> 111.10114 | H90: =_xlfn.XLOOKUP(A90,Claim!C:C,Claim!I:I) -> MODEM | I90: =_xlfn.XLOOKUP(A90,Claim!C:C,Claim!J:J) -> 1 | J90: =_xlfn.XLOOKUP(A90,Claim!C:C,Claim!M:M) -> PRE_APPROVAL | K90: =_xlfn.XLOOKUP(A90,Claim!C:C,Claim!O:O) -> Rejected | L90: =_xlfn.XLOOKUP(A90,Claim!C:C,Claim!P:P) -> - | M90: =_xlfn.XLOOKUP(A90,Claim!C:C,Claim!Q:Q) -> - | N90: {=_xlfn.IFS( OR(L90="Cancel", L90="Canceled", L90="Reject", L90="Rejected"), "Cancel / Rejected", AND(OR(J90="Request_Garansi", J90="Perbaikan_Asset"), OR(L90="Approved", L90="PMO Pending")), "MSS Need Send", TRUE, "Waiting Approval" )} -> Waiting Approval | O90: {=_xlfn.IFS( OR(M90="Cancel", M90="Canceled", M90="Reject", M90="Rejected", K90="Cancel", K90="Canceled", K90="Reject", K90="Rejected", L90="Cancel", L90="Canceled", L90="Reject", L90="Rejected"), "Cancel / Rejected", AND(OR(J90="Perbaikan_Asset"), OR(M90="KSO Pending")), "KSO Need Send", TRUE, "Waiting Approval" )} -> Cancel / Rejected | Q90: {=_xlfn.IFS( OR(M90="Cancel", M90="Canceled", M90="Reject", M90="Rejected", K90="Cancel", K90="Canceled", K90="Reject", K90="Rejected", L90="Cancel", L90="Canceled", L90="Reject", L90="Rejected"), "Cancel / Rejected", P90<>"", "MSS Done Send", N90="MSS Need Send", "MSS Need Send", TRUE, "Waiting Approval" )} -> Cancel / Rejected | S90: {=_xlfn.IFS( OR(M90="Cancel", M90="Canceled", M90="Reject", M90="Rejected", K90="Cancel", K90="Canceled", K90="Reject", K90="Rejected", L90="Cancel", L90="Canceled", L90="Reject", L90="Rejected"), "Cancel / Rejected", R90<>"", "KSO Done Send", Q90="MSS Need Send", "MSS Need Send", O90="KSO Need Send", "KSO Need Send", TRUE, "Waiting Approval" )} -> Cancel / Rejected
A91: PRE-APPROVAL-KLAIM-GARANSI/PMO/VIII/2026/0098 | B91: KLT00067 | C91: =_xlfn.XLOOKUP(B91,Engpar!A:A,Engpar!C:C) -> SEPOYU | D91: =_xlfn.XLOOKUP(B91,Engpar!A:A,Engpar!F:F) -> KALIMANTAN TENGAH | E91: =_xlfn.XLOOKUP(B91,Engpar!A:A,Engpar!G:G) -> LAMANDAU | F91: =_xlfn.XLOOKUP(B91,Engpar!A:A,Engpar!J:J) -> -1.69542 | G91: =_xlfn.XLOOKUP(B91,Engpar!A:A,Engpar!K:K) -> 111.10114 | H91: =_xlfn.XLOOKUP(A91,Claim!C:C,Claim!I:I) -> LNB | I91: =_xlfn.XLOOKUP(A91,Claim!C:C,Claim!J:J) -> 1 | J91: =_xlfn.XLOOKUP(A91,Claim!C:C,Claim!M:M) -> PRE_APPROVAL | K91: =_xlfn.XLOOKUP(A91,Claim!C:C,Claim!O:O) -> Rejected | L91: =_xlfn.XLOOKUP(A91,Claim!C:C,Claim!P:P) -> - | M91: =_xlfn.XLOOKUP(A91,Claim!C:C,Claim!Q:Q) -> - | N91: {=_xlfn.IFS( OR(L91="Cancel", L91="Canceled", L91="Reject", L91="Rejected"), "Cancel / Rejected", AND(OR(J91="Request_Garansi", J91="Perbaikan_Asset"), OR(L91="Approved", L91="PMO Pending")), "MSS Need Send", TRUE, "Waiting Approval" )} -> Waiting Approval | O91: {=_xlfn.IFS( OR(M91="Cancel", M91="Canceled", M91="Reject", M91="Rejected", K91="Cancel", K91="Canceled", K91="Reject", K91="Rejected", L91="Cancel", L91="Canceled", L91="Reject", L91="Rejected"), "Cancel / Rejected", AND(OR(J91="Perbaikan_Asset"), OR(M91="KSO Pending")), "KSO Need Send", TRUE, "Waiting Approval" )} -> Cancel / Rejected | Q91: {=_xlfn.IFS( OR(M91="Cancel", M91="Canceled", M91="Reject", M91="Rejected", K91="Cancel", K91="Canceled", K91="Reject", K91="Rejected", L91="Cancel", L91="Canceled", L91="Reject", L91="Rejected"), "Cancel / Rejected", P91<>"", "MSS Done Send", N91="MSS Need Send", "MSS Need Send", TRUE, "Waiting Approval" )} -> Cancel / Rejected | S91: {=_xlfn.IFS( OR(M91="Cancel", M91="Canceled", M91="Reject", M91="Rejected", K91="Cancel", K91="Canceled", K91="Reject", K91="Rejected", L91="Cancel", L91="Canceled", L91="Reject", L91="Rejected"), "Cancel / Rejected", R91<>"", "KSO Done Send", Q91="MSS Need Send", "MSS Need Send", O91="KSO Need Send", "KSO Need Send", TRUE, "Waiting Approval" )} -> Cancel / Rejected
A92: PRE-APPROVAL-KLAIM-GARANSI/PMO/VIII/2026/0097 | B92: KLT00067 | C92: =_xlfn.XLOOKUP(B92,Engpar!A:A,Engpar!C:C) -> SEPOYU | D92: =_xlfn.XLOOKUP(B92,Engpar!A:A,Engpar!F:F) -> KALIMANTAN TENGAH | E92: =_xlfn.XLOOKUP(B92,Engpar!A:A,Engpar!G:G) -> LAMANDAU | F92: =_xlfn.XLOOKUP(B92,Engpar!A:A,Engpar!J:J) -> -1.69542 | G92: =_xlfn.XLOOKUP(B92,Engpar!A:A,Engpar!K:K) -> 111.10114 | H92: =_xlfn.XLOOKUP(A92,Claim!C:C,Claim!I:I) -> LNB | I92: =_xlfn.XLOOKUP(A92,Claim!C:C,Claim!J:J) -> 1 | J92: =_xlfn.XLOOKUP(A92,Claim!C:C,Claim!M:M) -> PERBAIKAN_ASSET | K92: =_xlfn.XLOOKUP(A92,Claim!C:C,Claim!O:O) -> Approved | L92: =_xlfn.XLOOKUP(A92,Claim!C:C,Claim!P:P) -> Approved | M92: =_xlfn.XLOOKUP(A92,Claim!C:C,Claim!Q:Q) -> KSO Pending | N92: {=_xlfn.IFS( OR(L92="Cancel", L92="Canceled", L92="Reject", L92="Rejected"), "Cancel / Rejected", AND(OR(J92="Request_Garansi", J92="Perbaikan_Asset"), OR(L92="Approved", L92="PMO Pending")), "MSS Need Send", TRUE, "Waiting Approval" )} -> MSS Need Send | O92: {=_xlfn.IFS( OR(M92="Cancel", M92="Canceled", M92="Reject", M92="Rejected", K92="Cancel", K92="Canceled", K92="Reject", K92="Rejected", L92="Cancel", L92="Canceled", L92="Reject", L92="Rejected"), "Cancel / Rejected", AND(OR(J92="Perbaikan_Asset"), OR(M92="KSO Pending")), "KSO Need Send", TRUE, "Waiting Approval" )} -> KSO Need Send | Q92: {=_xlfn.IFS( OR(M92="Cancel", M92="Canceled", M92="Reject", M92="Rejected", K92="Cancel", K92="Canceled", K92="Reject", K92="Rejected", L92="Cancel", L92="Canceled", L92="Reject", L92="Rejected"), "Cancel / Rejected", P92<>"", "MSS Done Send", N92="MSS Need Send", "MSS Need Send", TRUE, "Waiting Approval" )} -> MSS Need Send | S92: {=_xlfn.IFS( OR(M92="Cancel", M92="Canceled", M92="Reject", M92="Rejected", K92="Cancel", K92="Canceled", K92="Reject", K92="Rejected", L92="Cancel", L92="Canceled", L92="Reject", L92="Rejected"), "Cancel / Rejected", R92<>"", "KSO Done Send", Q92="MSS Need Send", "MSS Need Send", O92="KSO Need Send", "KSO Need Send", TRUE, "Waiting Approval" )} -> MSS Need Send
A93: PRE-APPROVAL-KLAIM-GARANSI/PMO/VIII/2026/0096 | B93: KLT0018 | C93: =_xlfn.XLOOKUP(B93,Engpar!A:A,Engpar!C:C) -> TUMBANG SUEI | D93: =_xlfn.XLOOKUP(B93,Engpar!A:A,Engpar!F:F) -> KALIMANTAN TENGAH | E93: =_xlfn.XLOOKUP(B93,Engpar!A:A,Engpar!G:G) -> SERUYAN | F93: =_xlfn.XLOOKUP(B93,Engpar!A:A,Engpar!J:J) -> -1.31559 | G93: =_xlfn.XLOOKUP(B93,Engpar!A:A,Engpar!K:K) -> 111.855 | H93: =_xlfn.XLOOKUP(A93,Claim!C:C,Claim!I:I) -> BATERAI | I93: =_xlfn.XLOOKUP(A93,Claim!C:C,Claim!J:J) -> 2 | J93: =_xlfn.XLOOKUP(A93,Claim!C:C,Claim!M:M) -> REQUEST_GARANSI | K93: =_xlfn.XLOOKUP(A93,Claim!C:C,Claim!O:O) -> Approved | L93: =_xlfn.XLOOKUP(A93,Claim!C:C,Claim!P:P) -> Canceled | M93: =_xlfn.XLOOKUP(A93,Claim!C:C,Claim!Q:Q) -> - | N93: {=_xlfn.IFS( OR(L93="Cancel", L93="Canceled", L93="Reject", L93="Rejected"), "Cancel / Rejected", AND(OR(J93="Request_Garansi", J93="Perbaikan_Asset"), OR(L93="Approved", L93="PMO Pending")), "MSS Need Send", TRUE, "Waiting Approval" )} -> Cancel / Rejected | O93: {=_xlfn.IFS( OR(M93="Cancel", M93="Canceled", M93="Reject", M93="Rejected", K93="Cancel", K93="Canceled", K93="Reject", K93="Rejected", L93="Cancel", L93="Canceled", L93="Reject", L93="Rejected"), "Cancel / Rejected", AND(OR(J93="Perbaikan_Asset"), OR(M93="KSO Pending")), "KSO Need Send", TRUE, "Waiting Approval" )} -> Cancel / Rejected | P93: 25/08/2026 | Q93: {=_xlfn.IFS( OR(M93="Cancel", M93="Canceled", M93="Reject", M93="Rejected", K93="Cancel", K93="Canceled", K93="Reject", K93="Rejected", L93="Cancel", L93="Canceled", L93="Reject", L93="Rejected"), "Cancel / Rejected", P93<>"", "MSS Done Send", N93="MSS Need Send", "MSS Need Send", TRUE, "Waiting Approval" )} -> Cancel / Rejected | S93: {=_xlfn.IFS( OR(M93="Cancel", M93="Canceled", M93="Reject", M93="Rejected", K93="Cancel", K93="Canceled", K93="Reject", K93="Rejected", L93="Cancel", L93="Canceled", L93="Reject", L93="Rejected"), "Cancel / Rejected", R93<>"", "KSO Done Send", Q93="MSS Need Send", "MSS Need Send", O93="KSO Need Send", "KSO Need Send", TRUE, "Waiting Approval" )} -> Cancel / Rejected
A94: PRE-APPROVAL-KLAIM-GARANSI/PMO/VIII/2026/0095 | B94: KLB0050 | C94: =_xlfn.XLOOKUP(B94,Engpar!A:A,Engpar!C:C) -> SEMANDANG HULU | D94: =_xlfn.XLOOKUP(B94,Engpar!A:A,Engpar!F:F) -> KALIMANTAN BARAT | E94: =_xlfn.XLOOKUP(B94,Engpar!A:A,Engpar!G:G) -> KETAPANG | F94: =_xlfn.XLOOKUP(B94,Engpar!A:A,Engpar!J:J) -> -0.59187 | G94: =_xlfn.XLOOKUP(B94,Engpar!A:A,Engpar!K:K) -> 110.4734 | H94: =_xlfn.XLOOKUP(A94,Claim!C:C,Claim!I:I) -> BUC | I94: =_xlfn.XLOOKUP(A94,Claim!C:C,Claim!J:J) -> 1 | J94: =_xlfn.XLOOKUP(A94,Claim!C:C,Claim!M:M) -> PERBAIKAN_ASSET | K94: =_xlfn.XLOOKUP(A94,Claim!C:C,Claim!O:O) -> Approved | L94: =_xlfn.XLOOKUP(A94,Claim!C:C,Claim!P:P) -> Approved | M94: =_xlfn.XLOOKUP(A94,Claim!C:C,Claim!Q:Q) -> KSO Pending | N94: {=_xlfn.IFS( OR(L94="Cancel", L94="Canceled", L94="Reject", L94="Rejected"), "Cancel / Rejected", AND(OR(J94="Request_Garansi", J94="Perbaikan_Asset"), OR(L94="Approved", L94="PMO Pending")), "MSS Need Send", TRUE, "Waiting Approval" )} -> MSS Need Send | O94: {=_xlfn.IFS( OR(M94="Cancel", M94="Canceled", M94="Reject", M94="Rejected", K94="Cancel", K94="Canceled", K94="Reject", K94="Rejected", L94="Cancel", L94="Canceled", L94="Reject", L94="Rejected"), "Cancel / Rejected", AND(OR(J94="Perbaikan_Asset"), OR(M94="KSO Pending")), "KSO Need Send", TRUE, "Waiting Approval" )} -> KSO Need Send | Q94: {=_xlfn.IFS( OR(M94="Cancel", M94="Canceled", M94="Reject", M94="Rejected", K94="Cancel", K94="Canceled", K94="Reject", K94="Rejected", L94="Cancel", L94="Canceled", L94="Reject", L94="Rejected"), "Cancel / Rejected", P94<>"", "MSS Done Send", N94="MSS Need Send", "MSS Need Send", TRUE, "Waiting Approval" )} -> MSS Need Send | S94: {=_xlfn.IFS( OR(M94="Cancel", M94="Canceled", M94="Reject", M94="Rejected", K94="Cancel", K94="Canceled", K94="Reject", K94="Rejected", L94="Cancel", L94="Canceled", L94="Reject", L94="Rejected"), "Cancel / Rejected", R94<>"", "KSO Done Send", Q94="MSS Need Send", "MSS Need Send", O94="KSO Need Send", "KSO Need Send", TRUE, "Waiting Approval" )} -> MSS Need Send
A95: PRE-APPROVAL-KLAIM-GARANSI/PMO/VI/2026/0109 | B95: KLB00442 | C95: =_xlfn.XLOOKUP(B95,Engpar!A:A,Engpar!C:C) -> SEKAIS | D95: =_xlfn.XLOOKUP(B95,Engpar!A:A,Engpar!F:F) -> KALIMANTAN BARAT | E95: =_xlfn.XLOOKUP(B95,Engpar!A:A,Engpar!G:G) -> LANDAK | F95: =_xlfn.XLOOKUP(B95,Engpar!A:A,Engpar!J:J) -> 0.41713 | G95: =_xlfn.XLOOKUP(B95,Engpar!A:A,Engpar!K:K) -> 110.17946 | H95: =_xlfn.XLOOKUP(A95,Claim!C:C,Claim!I:I) -> RRU | I95: =_xlfn.XLOOKUP(A95,Claim!C:C,Claim!J:J) -> 1 | J95: =_xlfn.XLOOKUP(A95,Claim!C:C,Claim!M:M) -> REQUEST_GARANSI | K95: =_xlfn.XLOOKUP(A95,Claim!C:C,Claim!O:O) -> Approved | L95: =_xlfn.XLOOKUP(A95,Claim!C:C,Claim!P:P) -> MSS Pending Form | M95: =_xlfn.XLOOKUP(A95,Claim!C:C,Claim!Q:Q) -> - | N95: {=_xlfn.IFS( OR(L95="Cancel", L95="Canceled", L95="Reject", L95="Rejected"), "Cancel / Rejected", AND(OR(J95="Request_Garansi", J95="Perbaikan_Asset"), OR(L95="Approved", L95="PMO Pending")), "MSS Need Send", TRUE, "Waiting Approval" )} -> Waiting Approval | O95: {=_xlfn.IFS( OR(M95="Cancel", M95="Canceled", M95="Reject", M95="Rejected", K95="Cancel", K95="Canceled", K95="Reject", K95="Rejected", L95="Cancel", L95="Canceled", L95="Reject", L95="Rejected"), "Cancel / Rejected", AND(OR(J95="Perbaikan_Asset"), OR(M95="KSO Pending")), "KSO Need Send", TRUE, "Waiting Approval" )} -> Waiting Approval | Q95: {=_xlfn.IFS( OR(M95="Cancel", M95="Canceled", M95="Reject", M95="Rejected", K95="Cancel", K95="Canceled", K95="Reject", K95="Rejected", L95="Cancel", L95="Canceled", L95="Reject", L95="Rejected"), "Cancel / Rejected", P95<>"", "MSS Done Send", N95="MSS Need Send", "MSS Need Send", TRUE, "Waiting Approval" )} -> Waiting Approval | S95: {=_xlfn.IFS( OR(M95="Cancel", M95="Canceled", M95="Reject", M95="Rejected", K95="Cancel", K95="Canceled", K95="Reject", K95="Rejected", L95="Cancel", L95="Canceled", L95="Reject", L95="Rejected"), "Cancel / Rejected", R95<>"", "KSO Done Send", Q95="MSS Need Send", "MSS Need Send", O95="KSO Need Send", "KSO Need Send", TRUE, "Waiting Approval" )} -> Waiting Approval
A96: PRE-APPROVAL-KLAIM-GARANSI/PMO/VI/2026/0107 | B96: KLB00326 | C96: =_xlfn.XLOOKUP(B96,Engpar!A:A,Engpar!C:C) -> TANJUNG KELILING | D96: =_xlfn.XLOOKUP(B96,Engpar!A:A,Engpar!F:F) -> KALIMANTAN BARAT | E96: =_xlfn.XLOOKUP(B96,Engpar!A:A,Engpar!G:G) -> KAPUAS HULU | F96: =_xlfn.XLOOKUP(B96,Engpar!A:A,Engpar!J:J) -> 0.41212 | G96: =_xlfn.XLOOKUP(B96,Engpar!A:A,Engpar!K:K) -> 112.0351 | H96: =_xlfn.XLOOKUP(A96,Claim!C:C,Claim!I:I) -> BBU | I96: =_xlfn.XLOOKUP(A96,Claim!C:C,Claim!J:J) -> 1 | J96: =_xlfn.XLOOKUP(A96,Claim!C:C,Claim!M:M) -> REQUEST_GARANSI | K96: =_xlfn.XLOOKUP(A96,Claim!C:C,Claim!O:O) -> Approved | L96: =_xlfn.XLOOKUP(A96,Claim!C:C,Claim!P:P) -> MSS Pending Form | M96: =_xlfn.XLOOKUP(A96,Claim!C:C,Claim!Q:Q) -> - | N96: {=_xlfn.IFS( OR(L96="Cancel", L96="Canceled", L96="Reject", L96="Rejected"), "Cancel / Rejected", AND(OR(J96="Request_Garansi", J96="Perbaikan_Asset"), OR(L96="Approved", L96="PMO Pending")), "MSS Need Send", TRUE, "Waiting Approval" )} -> Waiting Approval | O96: {=_xlfn.IFS( OR(M96="Cancel", M96="Canceled", M96="Reject", M96="Rejected", K96="Cancel", K96="Canceled", K96="Reject", K96="Rejected", L96="Cancel", L96="Canceled", L96="Reject", L96="Rejected"), "Cancel / Rejected", AND(OR(J96="Perbaikan_Asset"), OR(M96="KSO Pending")), "KSO Need Send", TRUE, "Waiting Approval" )} -> Waiting Approval | Q96: {=_xlfn.IFS( OR(M96="Cancel", M96="Canceled", M96="Reject", M96="Rejected", K96="Cancel", K96="Canceled", K96="Reject", K96="Rejected", L96="Cancel", L96="Canceled", L96="Reject", L96="Rejected"), "Cancel / Rejected", P96<>"", "MSS Done Send", N96="MSS Need Send", "MSS Need Send", TRUE, "Waiting Approval" )} -> Waiting Approval | S96: {=_xlfn.IFS( OR(M96="Cancel", M96="Canceled", M96="Reject", M96="Rejected", K96="Cancel", K96="Canceled", K96="Reject", K96="Rejected", L96="Cancel", L96="Canceled", L96="Reject", L96="Rejected"), "Cancel / Rejected", R96<>"", "KSO Done Send", Q96="MSS Need Send", "MSS Need Send", O96="KSO Need Send", "KSO Need Send", TRUE, "Waiting Approval" )} -> Waiting Approval
A97: PRE-APPROVAL-KLAIM-GARANSI/PMO/VI/2026/0059 | B97: KLB0054 | C97: =_xlfn.XLOOKUP(B97,Engpar!A:A,Engpar!C:C) -> PAOH CONCONG | D97: =_xlfn.XLOOKUP(B97,Engpar!A:A,Engpar!F:F) -> KALIMANTAN BARAT | E97: =_xlfn.XLOOKUP(B97,Engpar!A:A,Engpar!G:G) -> KETAPANG | F97: =_xlfn.XLOOKUP(B97,Engpar!A:A,Engpar!J:J) -> -0.67327 | G97: =_xlfn.XLOOKUP(B97,Engpar!A:A,Engpar!K:K) -> 110.44313 | H97: =_xlfn.XLOOKUP(A97,Claim!C:C,Claim!I:I) -> Battery | I97: =_xlfn.XLOOKUP(A97,Claim!C:C,Claim!J:J) -> 5 | J97: =_xlfn.XLOOKUP(A97,Claim!C:C,Claim!M:M) -> PERBAIKAN_ASSET | K97: =_xlfn.XLOOKUP(A97,Claim!C:C,Claim!O:O) -> Approved | L97: =_xlfn.XLOOKUP(A97,Claim!C:C,Claim!P:P) -> Approved | M97: =_xlfn.XLOOKUP(A97,Claim!C:C,Claim!Q:Q) -> KSO Pending | N97: {=_xlfn.IFS( OR(L97="Cancel", L97="Canceled", L97="Reject", L97="Rejected"), "Cancel / Rejected", AND(OR(J97="Request_Garansi", J97="Perbaikan_Asset"), OR(L97="Approved", L97="PMO Pending")), "MSS Need Send", TRUE, "Waiting Approval" )} -> MSS Need Send | O97: {=_xlfn.IFS( OR(M97="Cancel", M97="Canceled", M97="Reject", M97="Rejected", K97="Cancel", K97="Canceled", K97="Reject", K97="Rejected", L97="Cancel", L97="Canceled", L97="Reject", L97="Rejected"), "Cancel / Rejected", AND(OR(J97="Perbaikan_Asset"), OR(M97="KSO Pending")), "KSO Need Send", TRUE, "Waiting Approval" )} -> KSO Need Send | Q97: {=_xlfn.IFS( OR(M97="Cancel", M97="Canceled", M97="Reject", M97="Rejected", K97="Cancel", K97="Canceled", K97="Reject", K97="Rejected", L97="Cancel", L97="Canceled", L97="Reject", L97="Rejected"), "Cancel / Rejected", P97<>"", "MSS Done Send", N97="MSS Need Send", "MSS Need Send", TRUE, "Waiting Approval" )} -> MSS Need Send | S97: {=_xlfn.IFS( OR(M97="Cancel", M97="Canceled", M97="Reject", M97="Rejected", K97="Cancel", K97="Canceled", K97="Reject", K97="Rejected", L97="Cancel", L97="Canceled", L97="Reject", L97="Rejected"), "Cancel / Rejected", R97<>"", "KSO Done Send", Q97="MSS Need Send", "MSS Need Send", O97="KSO Need Send", "KSO Need Send", TRUE, "Waiting Approval" )} -> MSS Need Send
A98: PRE-APPROVAL-KLAIM-GARANSI/PMO/VI/2026/0058 | B98: KLB0021 | C98: =_xlfn.XLOOKUP(B98,Engpar!A:A,Engpar!C:C) -> NATAI KUINI | D98: =_xlfn.XLOOKUP(B98,Engpar!A:A,Engpar!F:F) -> KALIMANTAN BARAT | E98: =_xlfn.XLOOKUP(B98,Engpar!A:A,Engpar!G:G) -> KETAPANG | F98: =_xlfn.XLOOKUP(B98,Engpar!A:A,Engpar!J:J) -> -2.94418 | G98: =_xlfn.XLOOKUP(B98,Engpar!A:A,Engpar!K:K) -> 110.75056 | H98: =_xlfn.XLOOKUP(A98,Claim!C:C,Claim!I:I) -> Modem | I98: =_xlfn.XLOOKUP(A98,Claim!C:C,Claim!J:J) -> 1 | J98: =_xlfn.XLOOKUP(A98,Claim!C:C,Claim!M:M) -> PERBAIKAN_ASSET | K98: =_xlfn.XLOOKUP(A98,Claim!C:C,Claim!O:O) -> Approved | L98: =_xlfn.XLOOKUP(A98,Claim!C:C,Claim!P:P) -> Approved | M98: =_xlfn.XLOOKUP(A98,Claim!C:C,Claim!Q:Q) -> KSO Pending | N98: {=_xlfn.IFS( OR(L98="Cancel", L98="Canceled", L98="Reject", L98="Rejected"), "Cancel / Rejected", AND(OR(J98="Request_Garansi", J98="Perbaikan_Asset"), OR(L98="Approved", L98="PMO Pending")), "MSS Need Send", TRUE, "Waiting Approval" )} -> MSS Need Send | O98: {=_xlfn.IFS( OR(M98="Cancel", M98="Canceled", M98="Reject", M98="Rejected", K98="Cancel", K98="Canceled", K98="Reject", K98="Rejected", L98="Cancel", L98="Canceled", L98="Reject", L98="Rejected"), "Cancel / Rejected", AND(OR(J98="Perbaikan_Asset"), OR(M98="KSO Pending")), "KSO Need Send", TRUE, "Waiting Approval" )} -> KSO Need Send | Q98: {=_xlfn.IFS( OR(M98="Cancel", M98="Canceled", M98="Reject", M98="Rejected", K98="Cancel", K98="Canceled", K98="Reject", K98="Rejected", L98="Cancel", L98="Canceled", L98="Reject", L98="Rejected"), "Cancel / Rejected", P98<>"", "MSS Done Send", N98="MSS Need Send", "MSS Need Send", TRUE, "Waiting Approval" )} -> MSS Need Send | S98: {=_xlfn.IFS( OR(M98="Cancel", M98="Canceled", M98="Reject", M98="Rejected", K98="Cancel", K98="Canceled", K98="Reject", K98="Rejected", L98="Cancel", L98="Canceled", L98="Reject", L98="Rejected"), "Cancel / Rejected", R98<>"", "KSO Done Send", Q98="MSS Need Send", "MSS Need Send", O98="KSO Need Send", "KSO Need Send", TRUE, "Waiting Approval" )} -> MSS Need Send
A99: PRE-APPROVAL-KLAIM-GARANSI/PMO/VI/2026/0057 | B99: KLT00056 | C99: =_xlfn.XLOOKUP(B99,Engpar!A:A,Engpar!C:C) -> DEHES ASEM | D99: =_xlfn.XLOOKUP(B99,Engpar!A:A,Engpar!F:F) -> KALIMANTAN TENGAH | E99: =_xlfn.XLOOKUP(B99,Engpar!A:A,Engpar!G:G) -> KATINGAN | F99: =_xlfn.XLOOKUP(B99,Engpar!A:A,Engpar!J:J) -> -0.94771 | G99: =_xlfn.XLOOKUP(B99,Engpar!A:A,Engpar!K:K) -> 112.43536 | H99: =_xlfn.XLOOKUP(A99,Claim!C:C,Claim!I:I) -> LNB | I99: =_xlfn.XLOOKUP(A99,Claim!C:C,Claim!J:J) -> 1 | J99: =_xlfn.XLOOKUP(A99,Claim!C:C,Claim!M:M) -> PERBAIKAN_ASSET | K99: =_xlfn.XLOOKUP(A99,Claim!C:C,Claim!O:O) -> Approved | L99: =_xlfn.XLOOKUP(A99,Claim!C:C,Claim!P:P) -> Approved | M99: =_xlfn.XLOOKUP(A99,Claim!C:C,Claim!Q:Q) -> KSO Pending | N99: {=_xlfn.IFS( OR(L99="Cancel", L99="Canceled", L99="Reject", L99="Rejected"), "Cancel / Rejected", AND(OR(J99="Request_Garansi", J99="Perbaikan_Asset"), OR(L99="Approved", L99="PMO Pending")), "MSS Need Send", TRUE, "Waiting Approval" )} -> MSS Need Send | O99: {=_xlfn.IFS( OR(M99="Cancel", M99="Canceled", M99="Reject", M99="Rejected", K99="Cancel", K99="Canceled", K99="Reject", K99="Rejected", L99="Cancel", L99="Canceled", L99="Reject", L99="Rejected"), "Cancel / Rejected", AND(OR(J99="Perbaikan_Asset"), OR(M99="KSO Pending")), "KSO Need Send", TRUE, "Waiting Approval" )} -> KSO Need Send | Q99: {=_xlfn.IFS( OR(M99="Cancel", M99="Canceled", M99="Reject", M99="Rejected", K99="Cancel", K99="Canceled", K99="Reject", K99="Rejected", L99="Cancel", L99="Canceled", L99="Reject", L99="Rejected"), "Cancel / Rejected", P99<>"", "MSS Done Send", N99="MSS Need Send", "MSS Need Send", TRUE, "Waiting Approval" )} -> MSS Need Send | S99: {=_xlfn.IFS( OR(M99="Cancel", M99="Canceled", M99="Reject", M99="Rejected", K99="Cancel", K99="Canceled", K99="Reject", K99="Rejected", L99="Cancel", L99="Canceled", L99="Reject", L99="Rejected"), "Cancel / Rejected", R99<>"", "KSO Done Send", Q99="MSS Need Send", "MSS Need Send", O99="KSO Need Send", "KSO Need Send", TRUE, "Waiting Approval" )} -> MSS Need Send
A100: PRE-APPROVAL-KLAIM-GARANSI/PMO/VI/2026/0056 | B100: KLI00038 | C100: =_xlfn.XLOOKUP(B100,Engpar!A:A,Engpar!C:C) -> TADO'AN | D100: =_xlfn.XLOOKUP(B100,Engpar!A:A,Engpar!F:F) -> KALIMANTAN TIMUR | E100: =_xlfn.XLOOKUP(B100,Engpar!A:A,Engpar!G:G) -> KUTAI TIMUR | F100: =_xlfn.XLOOKUP(B100,Engpar!A:A,Engpar!J:J) -> 0.9899 | G100: =_xlfn.XLOOKUP(B100,Engpar!A:A,Engpar!K:K) -> 118.54745 | H100: =_xlfn.XLOOKUP(A100,Claim!C:C,Claim!I:I) -> BATERAI | I100: =_xlfn.XLOOKUP(A100,Claim!C:C,Claim!J:J) -> 1 | J100: =_xlfn.XLOOKUP(A100,Claim!C:C,Claim!M:M) -> PERBAIKAN_ASSET | K100: =_xlfn.XLOOKUP(A100,Claim!C:C,Claim!O:O) -> Approved | L100: =_xlfn.XLOOKUP(A100,Claim!C:C,Claim!P:P) -> Approved | M100: =_xlfn.XLOOKUP(A100,Claim!C:C,Claim!Q:Q) -> KSO Pending | N100: {=_xlfn.IFS( OR(L100="Cancel", L100="Canceled", L100="Reject", L100="Rejected"), "Cancel / Rejected", AND(OR(J100="Request_Garansi", J100="Perbaikan_Asset"), OR(L100="Approved", L100="PMO Pending")), "MSS Need Send", TRUE, "Waiting Approval" )} -> MSS Need Send | O100: {=_xlfn.IFS( OR(M100="Cancel", M100="Canceled", M100="Reject", M100="Rejected", K100="Cancel", K100="Canceled", K100="Reject", K100="Rejected", L100="Cancel", L100="Canceled", L100="Reject", L100="Rejected"), "Cancel / Rejected", AND(OR(J100="Perbaikan_Asset"), OR(M100="KSO Pending")), "KSO Need Send", TRUE, "Waiting Approval" )} -> KSO Need Send | Q100: {=_xlfn.IFS( OR(M100="Cancel", M100="Canceled", M100="Reject", M100="Rejected", K100="Cancel", K100="Canceled", K100="Reject", K100="Rejected", L100="Cancel", L100="Canceled", L100="Reject", L100="Rejected"), "Cancel / Rejected", P100<>"", "MSS Done Send", N100="MSS Need Send", "MSS Need Send", TRUE, "Waiting Approval" )} -> MSS Need Send | S100: {=_xlfn.IFS( OR(M100="Cancel", M100="Canceled", M100="Reject", M100="Rejected", K100="Cancel", K100="Canceled", K100="Reject", K100="Rejected", L100="Cancel", L100="Canceled", L100="Reject", L100="Rejected"), "Cancel / Rejected", R100<>"", "KSO Done Send", Q100="MSS Need Send", "MSS Need Send", O100="KSO Need Send", "KSO Need Send", TRUE, "Waiting Approval" )} -> MSS Need Send
A101: PRE-APPROVAL-KLAIM-GARANSI/PMO/VI/2026/0055 | B101: KLI00024 | C101: =_xlfn.XLOOKUP(B101,Engpar!A:A,Engpar!C:C) -> RUKUN DAMAI | D101: =_xlfn.XLOOKUP(B101,Engpar!A:A,Engpar!F:F) -> KALIMANTAN TIMUR | E101: =_xlfn.XLOOKUP(B101,Engpar!A:A,Engpar!G:G) -> MAHAKAM ULU | F101: =_xlfn.XLOOKUP(B101,Engpar!A:A,Engpar!J:J) -> 0.38947 | G101: =_xlfn.XLOOKUP(B101,Engpar!A:A,Engpar!K:K) -> 115.41738 | H101: =_xlfn.XLOOKUP(A101,Claim!C:C,Claim!I:I) -> MODEM | I101: =_xlfn.XLOOKUP(A101,Claim!C:C,Claim!J:J) -> 1 | J101: =_xlfn.XLOOKUP(A101,Claim!C:C,Claim!M:M) -> PERBAIKAN_ASSET | K101: =_xlfn.XLOOKUP(A101,Claim!C:C,Claim!O:O) -> Approved | L101: =_xlfn.XLOOKUP(A101,Claim!C:C,Claim!P:P) -> Approved | M101: =_xlfn.XLOOKUP(A101,Claim!C:C,Claim!Q:Q) -> KSO Pending | N101: {=_xlfn.IFS( OR(L101="Cancel", L101="Canceled", L101="Reject", L101="Rejected"), "Cancel / Rejected", AND(OR(J101="Request_Garansi", J101="Perbaikan_Asset"), OR(L101="Approved", L101="PMO Pending")), "MSS Need Send", TRUE, "Waiting Approval" )} -> MSS Need Send | O101: {=_xlfn.IFS( OR(M101="Cancel", M101="Canceled", M101="Reject", M101="Rejected", K101="Cancel", K101="Canceled", K101="Reject", K101="Rejected", L101="Cancel", L101="Canceled", L101="Reject", L101="Rejected"), "Cancel / Rejected", AND(OR(J101="Perbaikan_Asset"), OR(M101="KSO Pending")), "KSO Need Send", TRUE, "Waiting Approval" )} -> KSO Need Send | Q101: {=_xlfn.IFS( OR(M101="Cancel", M101="Canceled", M101="Reject", M101="Rejected", K101="Cancel", K101="Canceled", K101="Reject", K101="Rejected", L101="Cancel", L101="Canceled", L101="Reject", L101="Rejected"), "Cancel / Rejected", P101<>"", "MSS Done Send", N101="MSS Need Send", "MSS Need Send", TRUE, "Waiting Approval" )} -> MSS Need Send | S101: {=_xlfn.IFS( OR(M101="Cancel", M101="Canceled", M101="Reject", M101="Rejected", K101="Cancel", K101="Canceled", K101="Reject", K101="Rejected", L101="Cancel", L101="Canceled", L101="Reject", L101="Rejected"), "Cancel / Rejected", R101<>"", "KSO Done Send", Q101="MSS Need Send", "MSS Need Send", O101="KSO Need Send", "KSO Need Send", TRUE, "Waiting Approval" )} -> MSS Need Send
A102: PRE-APPROVAL-KLAIM-GARANSI/PMO/VI/2026/0054 | B102: KLB00613 | C102: =_xlfn.XLOOKUP(B102,Engpar!A:A,Engpar!C:C) -> PELAPIS | D102: =_xlfn.XLOOKUP(B102,Engpar!A:A,Engpar!F:F) -> KALIMANTAN BARAT | E102: =_xlfn.XLOOKUP(B102,Engpar!A:A,Engpar!G:G) -> KAYONG UTARA | F102: =_xlfn.XLOOKUP(B102,Engpar!A:A,Engpar!J:J) -> -1.50379 | G102: =_xlfn.XLOOKUP(B102,Engpar!A:A,Engpar!K:K) -> 109.38229 | H102: =_xlfn.XLOOKUP(A102,Claim!C:C,Claim!I:I) -> BUC | I102: =_xlfn.XLOOKUP(A102,Claim!C:C,Claim!J:J) -> 1 | J102: =_xlfn.XLOOKUP(A102,Claim!C:C,Claim!M:M) -> PERBAIKAN_ASSET | K102: =_xlfn.XLOOKUP(A102,Claim!C:C,Claim!O:O) -> Approved | L102: =_xlfn.XLOOKUP(A102,Claim!C:C,Claim!P:P) -> Approved | M102: =_xlfn.XLOOKUP(A102,Claim!C:C,Claim!Q:Q) -> KSO Pending | N102: {=_xlfn.IFS( OR(L102="Cancel", L102="Canceled", L102="Reject", L102="Rejected"), "Cancel / Rejected", AND(OR(J102="Request_Garansi", J102="Perbaikan_Asset"), OR(L102="Approved", L102="PMO Pending")), "MSS Need Send", TRUE, "Waiting Approval" )} -> MSS Need Send | O102: {=_xlfn.IFS( OR(M102="Cancel", M102="Canceled", M102="Reject", M102="Rejected", K102="Cancel", K102="Canceled", K102="Reject", K102="Rejected", L102="Cancel", L102="Canceled", L102="Reject", L102="Rejected"), "Cancel / Rejected", AND(OR(J102="Perbaikan_Asset"), OR(M102="KSO Pending")), "KSO Need Send", TRUE, "Waiting Approval" )} -> KSO Need Send | Q102: {=_xlfn.IFS( OR(M102="Cancel", M102="Canceled", M102="Reject", M102="Rejected", K102="Cancel", K102="Canceled", K102="Reject", K102="Rejected", L102="Cancel", L102="Canceled", L102="Reject", L102="Rejected"), "Cancel / Rejected", P102<>"", "MSS Done Send", N102="MSS Need Send", "MSS Need Send", TRUE, "Waiting Approval" )} -> MSS Need Send | S102: {=_xlfn.IFS( OR(M102="Cancel", M102="Canceled", M102="Reject", M102="Rejected", K102="Cancel", K102="Canceled", K102="Reject", K102="Rejected", L102="Cancel", L102="Canceled", L102="Reject", L102="Rejected"), "Cancel / Rejected", R102<>"", "KSO Done Send", Q102="MSS Need Send", "MSS Need Send", O102="KSO Need Send", "KSO Need Send", TRUE, "Waiting Approval" )} -> MSS Need Send
A103: PRE-APPROVAL-KLAIM-GARANSI/PMO/VI/2026/0053 | B103: KLB00613 | C103: =_xlfn.XLOOKUP(B103,Engpar!A:A,Engpar!C:C) -> PELAPIS | D103: =_xlfn.XLOOKUP(B103,Engpar!A:A,Engpar!F:F) -> KALIMANTAN BARAT | E103: =_xlfn.XLOOKUP(B103,Engpar!A:A,Engpar!G:G) -> KAYONG UTARA | F103: =_xlfn.XLOOKUP(B103,Engpar!A:A,Engpar!J:J) -> -1.50379 | G103: =_xlfn.XLOOKUP(B103,Engpar!A:A,Engpar!K:K) -> 109.38229 | H103: =_xlfn.XLOOKUP(A103,Claim!C:C,Claim!I:I) -> LNB | I103: =_xlfn.XLOOKUP(A103,Claim!C:C,Claim!J:J) -> 1 | J103: =_xlfn.XLOOKUP(A103,Claim!C:C,Claim!M:M) -> PERBAIKAN_ASSET | K103: =_xlfn.XLOOKUP(A103,Claim!C:C,Claim!O:O) -> Approved | L103: =_xlfn.XLOOKUP(A103,Claim!C:C,Claim!P:P) -> Approved | M103: =_xlfn.XLOOKUP(A103,Claim!C:C,Claim!Q:Q) -> KSO Pending | N103: {=_xlfn.IFS( OR(L103="Cancel", L103="Canceled", L103="Reject", L103="Rejected"), "Cancel / Rejected", AND(OR(J103="Request_Garansi", J103="Perbaikan_Asset"), OR(L103="Approved", L103="PMO Pending")), "MSS Need Send", TRUE, "Waiting Approval" )} -> MSS Need Send | O103: {=_xlfn.IFS( OR(M103="Cancel", M103="Canceled", M103="Reject", M103="Rejected", K103="Cancel", K103="Canceled", K103="Reject", K103="Rejected", L103="Cancel", L103="Canceled", L103="Reject", L103="Rejected"), "Cancel / Rejected", AND(OR(J103="Perbaikan_Asset"), OR(M103="KSO Pending")), "KSO Need Send", TRUE, "Waiting Approval" )} -> KSO Need Send | Q103: {=_xlfn.IFS( OR(M103="Cancel", M103="Canceled", M103="Reject", M103="Rejected", K103="Cancel", K103="Canceled", K103="Reject", K103="Rejected", L103="Cancel", L103="Canceled", L103="Reject", L103="Rejected"), "Cancel / Rejected", P103<>"", "MSS Done Send", N103="MSS Need Send", "MSS Need Send", TRUE, "Waiting Approval" )} -> MSS Need Send | S103: {=_xlfn.IFS( OR(M103="Cancel", M103="Canceled", M103="Reject", M103="Rejected", K103="Cancel", K103="Canceled", K103="Reject", K103="Rejected", L103="Cancel", L103="Canceled", L103="Reject", L103="Rejected"), "Cancel / Rejected", R103<>"", "KSO Done Send", Q103="MSS Need Send", "MSS Need Send", O103="KSO Need Send", "KSO Need Send", TRUE, "Waiting Approval" )} -> MSS Need Send
A104: PRE-APPROVAL-KLAIM-GARANSI/PMO/VI/2026/0052 | B104: KLT00035 | C104: =_xlfn.XLOOKUP(B104,Engpar!A:A,Engpar!C:C) -> GANTUNG PENGAYUH | D104: =_xlfn.XLOOKUP(B104,Engpar!A:A,Engpar!F:F) -> KALIMANTAN TENGAH | E104: =_xlfn.XLOOKUP(B104,Engpar!A:A,Engpar!G:G) -> SERUYAN | F104: =_xlfn.XLOOKUP(B104,Engpar!A:A,Engpar!J:J) -> -2.13192 | G104: =_xlfn.XLOOKUP(B104,Engpar!A:A,Engpar!K:K) -> 112.17621 | H104: =_xlfn.XLOOKUP(A104,Claim!C:C,Claim!I:I) -> BATERAI | I104: =_xlfn.XLOOKUP(A104,Claim!C:C,Claim!J:J) -> 3 | J104: =_xlfn.XLOOKUP(A104,Claim!C:C,Claim!M:M) -> PERBAIKAN_ASSET | K104: =_xlfn.XLOOKUP(A104,Claim!C:C,Claim!O:O) -> Approved | L104: =_xlfn.XLOOKUP(A104,Claim!C:C,Claim!P:P) -> Approved | M104: =_xlfn.XLOOKUP(A104,Claim!C:C,Claim!Q:Q) -> KSO Pending | N104: {=_xlfn.IFS( OR(L104="Cancel", L104="Canceled", L104="Reject", L104="Rejected"), "Cancel / Rejected", AND(OR(J104="Request_Garansi", J104="Perbaikan_Asset"), OR(L104="Approved", L104="PMO Pending")), "MSS Need Send", TRUE, "Waiting Approval" )} -> MSS Need Send | O104: {=_xlfn.IFS( OR(M104="Cancel", M104="Canceled", M104="Reject", M104="Rejected", K104="Cancel", K104="Canceled", K104="Reject", K104="Rejected", L104="Cancel", L104="Canceled", L104="Reject", L104="Rejected"), "Cancel / Rejected", AND(OR(J104="Perbaikan_Asset"), OR(M104="KSO Pending")), "KSO Need Send", TRUE, "Waiting Approval" )} -> KSO Need Send | Q104: {=_xlfn.IFS( OR(M104="Cancel", M104="Canceled", M104="Reject", M104="Rejected", K104="Cancel", K104="Canceled", K104="Reject", K104="Rejected", L104="Cancel", L104="Canceled", L104="Reject", L104="Rejected"), "Cancel / Rejected", P104<>"", "MSS Done Send", N104="MSS Need Send", "MSS Need Send", TRUE, "Waiting Approval" )} -> MSS Need Send | S104: {=_xlfn.IFS( OR(M104="Cancel", M104="Canceled", M104="Reject", M104="Rejected", K104="Cancel", K104="Canceled", K104="Reject", K104="Rejected", L104="Cancel", L104="Canceled", L104="Reject", L104="Rejected"), "Cancel / Rejected", R104<>"", "KSO Done Send", Q104="MSS Need Send", "MSS Need Send", O104="KSO Need Send", "KSO Need Send", TRUE, "Waiting Approval" )} -> MSS Need Send
A105: PRE-APPROVAL-KLAIM-GARANSI/PMO/VI/2026/0033 | B105: KLB0084 | C105: =_xlfn.XLOOKUP(B105,Engpar!A:A,Engpar!C:C) -> CINTA MANIS | D105: =_xlfn.XLOOKUP(B105,Engpar!A:A,Engpar!F:F) -> KALIMANTAN BARAT | E105: =_xlfn.XLOOKUP(B105,Engpar!A:A,Engpar!G:G) -> KETAPANG | F105: =_xlfn.XLOOKUP(B105,Engpar!A:A,Engpar!J:J) -> -1.16898 | G105: =_xlfn.XLOOKUP(B105,Engpar!A:A,Engpar!K:K) -> 110.75771 | H105: =_xlfn.XLOOKUP(A105,Claim!C:C,Claim!I:I) -> Modem | I105: =_xlfn.XLOOKUP(A105,Claim!C:C,Claim!J:J) -> 1 | J105: =_xlfn.XLOOKUP(A105,Claim!C:C,Claim!M:M) -> PERBAIKAN_ASSET | K105: =_xlfn.XLOOKUP(A105,Claim!C:C,Claim!O:O) -> Approved | L105: =_xlfn.XLOOKUP(A105,Claim!C:C,Claim!P:P) -> Approved | M105: =_xlfn.XLOOKUP(A105,Claim!C:C,Claim!Q:Q) -> KSO Pending | N105: {=_xlfn.IFS( OR(L105="Cancel", L105="Canceled", L105="Reject", L105="Rejected"), "Cancel / Rejected", AND(OR(J105="Request_Garansi", J105="Perbaikan_Asset"), OR(L105="Approved", L105="PMO Pending")), "MSS Need Send", TRUE, "Waiting Approval" )} -> MSS Need Send | O105: {=_xlfn.IFS( OR(M105="Cancel", M105="Canceled", M105="Reject", M105="Rejected", K105="Cancel", K105="Canceled", K105="Reject", K105="Rejected", L105="Cancel", L105="Canceled", L105="Reject", L105="Rejected"), "Cancel / Rejected", AND(OR(J105="Perbaikan_Asset"), OR(M105="KSO Pending")), "KSO Need Send", TRUE, "Waiting Approval" )} -> KSO Need Send | Q105: {=_xlfn.IFS( OR(M105="Cancel", M105="Canceled", M105="Reject", M105="Rejected", K105="Cancel", K105="Canceled", K105="Reject", K105="Rejected", L105="Cancel", L105="Canceled", L105="Reject", L105="Rejected"), "Cancel / Rejected", P105<>"", "MSS Done Send", N105="MSS Need Send", "MSS Need Send", TRUE, "Waiting Approval" )} -> MSS Need Send | S105: {=_xlfn.IFS( OR(M105="Cancel", M105="Canceled", M105="Reject", M105="Rejected", K105="Cancel", K105="Canceled", K105="Reject", K105="Rejected", L105="Cancel", L105="Canceled", L105="Reject", L105="Rejected"), "Cancel / Rejected", R105<>"", "KSO Done Send", Q105="MSS Need Send", "MSS Need Send", O105="KSO Need Send", "KSO Need Send", TRUE, "Waiting Approval" )} -> MSS Need Send
A106: PRE-APPROVAL-KLAIM-GARANSI/PMO/VI/2026/0004 | B106: KLI00037 | C106: =_xlfn.XLOOKUP(B106,Engpar!A:A,Engpar!C:C) -> MARUKANGAN | D106: =_xlfn.XLOOKUP(B106,Engpar!A:A,Engpar!F:F) -> KALIMANTAN TIMUR | E106: =_xlfn.XLOOKUP(B106,Engpar!A:A,Engpar!G:G) -> KUTAI TIMUR | F106: =_xlfn.XLOOKUP(B106,Engpar!A:A,Engpar!J:J) -> 0.86653 | G106: =_xlfn.XLOOKUP(B106,Engpar!A:A,Engpar!K:K) -> 118.32862 | H106: =_xlfn.XLOOKUP(A106,Claim!C:C,Claim!I:I) -> RRU | I106: =_xlfn.XLOOKUP(A106,Claim!C:C,Claim!J:J) -> 1 | J106: =_xlfn.XLOOKUP(A106,Claim!C:C,Claim!M:M) -> REQUEST_GARANSI | K106: =_xlfn.XLOOKUP(A106,Claim!C:C,Claim!O:O) -> Approved | L106: =_xlfn.XLOOKUP(A106,Claim!C:C,Claim!P:P) -> MSS Pending Form | M106: =_xlfn.XLOOKUP(A106,Claim!C:C,Claim!Q:Q) -> - | N106: {=_xlfn.IFS( OR(L106="Cancel", L106="Canceled", L106="Reject", L106="Rejected"), "Cancel / Rejected", AND(OR(J106="Request_Garansi", J106="Perbaikan_Asset"), OR(L106="Approved", L106="PMO Pending")), "MSS Need Send", TRUE, "Waiting Approval" )} -> Waiting Approval | O106: {=_xlfn.IFS( OR(M106="Cancel", M106="Canceled", M106="Reject", M106="Rejected", K106="Cancel", K106="Canceled", K106="Reject", K106="Rejected", L106="Cancel", L106="Canceled", L106="Reject", L106="Rejected"), "Cancel / Rejected", AND(OR(J106="Perbaikan_Asset"), OR(M106="KSO Pending")), "KSO Need Send", TRUE, "Waiting Approval" )} -> Waiting Approval | Q106: {=_xlfn.IFS( OR(M106="Cancel", M106="Canceled", M106="Reject", M106="Rejected", K106="Cancel", K106="Canceled", K106="Reject", K106="Rejected", L106="Cancel", L106="Canceled", L106="Reject", L106="Rejected"), "Cancel / Rejected", P106<>"", "MSS Done Send", N106="MSS Need Send", "MSS Need Send", TRUE, "Waiting Approval" )} -> Waiting Approval | S106: {=_xlfn.IFS( OR(M106="Cancel", M106="Canceled", M106="Reject", M106="Rejected", K106="Cancel", K106="Canceled", K106="Reject", K106="Rejected", L106="Cancel", L106="Canceled", L106="Reject", L106="Rejected"), "Cancel / Rejected", R106<>"", "KSO Done Send", Q106="MSS Need Send", "MSS Need Send", O106="KSO Need Send", "KSO Need Send", TRUE, "Waiting Approval" )} -> Waiting Approval

Sheet Engpar
A1: ID Site | B1: ID Site Opsel | C1: Nama Site | D1: Penyedia MSS | E1: Paket MSS | F1: Provinsi | G1: Kab/Kota | H1: Kecamatan | I1: Desa | J1: Latitude | K1: Longitude
A2: KLB00337 | B2: ZZJ746 | C2: TAJUM | D2: PT ALITA PRAYA MITRA | E2: 6 | F2: KALIMANTAN BARAT | G2: KAPUAS HULU | H2: BADAU | I2: TAJUM | J2: 1.08465 | K2: 112.02644
A3: KLU0072 | B3: ZZJ475 | C3: LONG BUDUNG | D3: PT ALITA PRAYA MITRA | E3: 6 | F3: KALIMANTAN UTARA | G3: NUNUKAN | H3: KRAYAN SELATAN | I3: LONG BUDUNG | J3: 3.63048 | K3: 115.72018
A4: KLB00550 | B4: ZZJ066 | C4: KELUAS HULU | D4: PT ALITA PRAYA MITRA | E4: 6 | F4: KALIMANTAN BARAT | G4: MELAWI | H4: TANAH PINOH BARAT | I4: KELUAS HULU | J4: -0.65095 | K4: 111.34049
A5: KLB00221 | B5: ZZJ391 | C5: TANJUNG MIRU | D5: PT ALITA PRAYA MITRA | E5: 6 | F5: KALIMANTAN BARAT | G5: SINTANG | H5: KAYAN HULU | I5: TANJUNG MIRU | J5: 0.02945 | K5: 112.34945
A6: KLU00234 | B6: ZZJ650 | C6: LONG AMPUNG | D6: PT ALITA PRAYA MITRA | E6: 6 | F6: KALIMANTAN UTARA | G6: MALINAU | H6: KAYAN SELATAN | I6: LONG AMPUNG | J6: 1.72308 | K6: 114.96059
A7: KLI00032 | B7: ZZJ630 | C7: MEMAHAK TEBOQ | D7: PT ALITA PRAYA MITRA | E7: 6 | F7: KALIMANTAN TIMUR | G7: MAHAKAM ULU | H7: LONG HUBUNG | I7: MEMAHAK TEBOQ | J7: 0.15783 | K7: 115.51591
A8: KLT00062 | B8: ZZJ550 | C8: RANTAU SUANG | D8: PT ALITA PRAYA MITRA | E8: 6 | F8: KALIMANTAN TENGAH | G8: KOTAWARINGIN TIMUR | H8: TELAGA ANTANG | I8: RANTAU SUANG | J8: -1.46858 | K8: 112.28144
A9: KLB00681 | B9: ZZJ353 | C9: NANGA PAHANGAN | D9: PT ALITA PRAYA MITRA | E9: 6 | F9: KALIMANTAN BARAT | G9: SINTANG | H9: AMBALAU | I9: NANGA PAHANGAN | J9: -0.29287 | K9: 113.0753
A10: KLU00258 | B10: ZZJ458 | C10: LONG LEJUH | D10: PT ALITA PRAYA MITRA | E10: 6 | F10: KALIMANTAN UTARA | G10: BULUNGAN | H10: PESO | I10: LONG LEJUH | J10: 2.82039 | K10: 116.68095
A11: KLI00053 | B11: ZZJ428 | C11: LEMPER | D11: PT ALITA PRAYA MITRA | E11: 6 | F11: KALIMANTAN TIMUR | G11: KUTAI BARAT | H11: BONGAN | I11: LEMPER | J11: -0.91481 | K11: 116.16556
A12: KLB00623 | B12: ZZJ356 | C12: TERTUNG | D12: PT ALITA PRAYA MITRA | E12: 6 | F12: KALIMANTAN BARAT | G12: SINTANG | H12: SINTANG | I12: TERTUNG | J12: 0.02318 | K12: 111.54524
A13: KLT00055 | B13: ZZJ569 | C13: SEI NANJAN | D13: PT ALITA PRAYA MITRA | E13: 6 | F13: KALIMANTAN TENGAH | G13: KATINGAN | H13: KATINGAN HULU | I13: SEI NANJAN | J13: -1.09905 | K13: 112.41753
... A338: KLB00545 | B338: ZZJ063 | C338: TOGAN BARU | D338: PT ALITA PRAYA MITRA | E338: 6 | F338: KALIMANTAN BARAT | G338: MELAWI | H338: TANAH PINOH BARAT | I338: TOGAN BARU | J338: -0.80069 | K338: 111.37669

Sheet Sheet1
A1: Site ID | B1: Scope | C1: Material | D1: Quantity | E1: Date Created | F1: Sitename | G1: Status Pengiriman | H1: Date Pengiriman | I1: Provinsi
A2: KLT00052 | B2: Tower GM | C2: OBL LAMP | D2: 1 | E2: 24-08-2026 16:44 | F2: RANTAU PUKA | G2: Done Sent Sparepart | H2: 17/09/2026 | I2: KALIMANTAN TENGAH
A3: KLT00056 | B3: VSAT | C3: LNB | D3: 1 | E3: 22-06-2026 15:47 | F3: DEHES ASEM | G3: Done Sent Sparepart | H3: 21/08/2026 | I3: KALIMANTAN TENGAH
A4: KLT00035 | B4: Power | C4: BATERAI | D4: 3 | E4: 21-06-2026 11:34 | F4: GANTUNG PENGAYUH | G4: Done Sent Sparepart | H4: 21/08/2026 | I4: KALIMANTAN TENGAH
A5: KLI00024 | B5: VSAT | C5: MODEM | D5: 1 | E5: 22-06-2026 15:14 | F5: RUKUN DAMAI | G5: Done Sent Sparepart | H5: 21/08/2026 | I5: KALIMANTAN TIMUR
A6: KLU00116 | B6: VSAT | C6: LNB | D6: 1 | E6: 26-08-2026 15:54 | F6: LANGGASON | G6: Done Sent Sparepart | H6: 21/08/2026 | I6: KALIMANTAN UTARA
A7: KLB0054 | B7: Power | C7: Battery | D7: 5 | E7: 22-06-2026 16:44 | F7: PAOH CONCONG | G7: Done Sent Sparepart | H7: 22/08/2026 | I7: KALIMANTAN BARAT
A8: KLB0021 | B8: VSAT | C8: Modem | D8: 1 | E8: 22-06-2026 16:14 | F8: NATAI KUINI | G8: Done Sent Sparepart | H8: 22/08/2026 | I8: KALIMANTAN BARAT
A9: KLB00613 | B9: VSAT | C9: BUC | D9: 1 | E9: 22-06-2026 15:00 | F9: PELAPIS | G9: Done Sent Sparepart | H9: 22/08/2026 | I9: KALIMANTAN BARAT
A10: KLB00613 | B10: VSAT | C10: LNB | D10: 1 | E10: 22-06-2026 14:57 | F10: PELAPIS | G10: Done Sent Sparepart | H10: 22/08/2026 | I10: KALIMANTAN BARAT
A11: KLB0084 | B11: VSAT | C11: Modem | D11: 1 | E11: 17-06-2026 13:28 | F11: CINTA MANIS | G11: Done Sent Sparepart | H11: 22/08/2026 | I11: KALIMANTAN BARAT
A12: KLI00038 | B12: Power | C12: BATERAI | D12: 1 | E12: 22-06-2026 15:21 | F12: TADO'AN | G12: Done Sent Sparepart | H12: 25/08/2026 | I12: KALIMANTAN TIMUR
A13: KLB00545 | B13: Power | C13: Battery | D13: 9 | E13: 26-08-2026 13:54 | F13: TOGAN BARU | G13: Done Sent Sparepart | H13: 25/09/2026 | I13: KALIMANTAN BARAT
... A15: KLT00067 | B15: VSAT | C15: LNB | D15: 1 | E15: 23-08-2026 16:51 | F15: SEPOYU | G15: Done Sent Sparepart | H15: 25/09/2026 | I15: KALIMANTAN TENGAH
A16: KLB0050 | B16: VSAT | C16: BUC | D16: 1 | E16: 23-08-2026 15:17 | F16: SEMANDANG HULU | G16: NY Send | I16: KALIMANTAN BARAT
A17: KLT004 | B17: VSAT | C17: BUC | D17: 1 | E17: 24-08-2026 15:07 | F17: BUKIT BULUH | G17: NY Send | I17: KALIMANTAN TENGAH
A18: KLT0018 | B18: Power | C18: BATERAI | D18: 2 | E18: 23-08-2026 16:15 | F18: TUMBANG SUEI | G18: NY Send | I18: KALIMANTAN TENGAH
